id,pred_price_eur,pred_std_eur,n_images
5982067b7ce3af6bd736b172,132817.7822620791,31600.860978933,6
5b9e6536ad850213d814933f,88568.43784234556,5183.5758270974275,3
5c8618102731711c731b8bc3,285271.2154000583,33136.66736912116,4
5e16fbd7273171619f251f2f,102906.22048303392,21249.064682511722,19
623bac5f62f288426c40f143,193087.8250852061,33446.738819761384,9
624ec2e83de2de038877f2a8,182340.03080886067,31378.2020007231,9
62c2a3352d0a7dd3b20282c6,107340.43239066936,27708.295951266184,7
62de45dd6a29f4453202b499,220758.46369729316,51996.8263323151,12
62f57fa0cacd22e92a09bf71,117956.57514047055,35166.43785925608,5
63382481aee1dc6f0b01f4a7,97009.85599373793,34340.11678690843,3
638364308e6642321606a766,115560.55444326311,44673.13306052534,11
63bd9ffe54d7f33f30093186,114108.55624379432,61244.59279243629,6
63c15e4d1622d12ee50616c2,317893.5067986348,86327.59535569567,6
63c30fc0610a1dcf4c0c549b,87813.48523361342,21795.26287408872,7
63f3622fa43ac5fb5106d845,293810.6924189669,64990.399281412174,10
63f504781618cd866a08ab97,184632.46568448353,40916.47489420881,22
6410aaf2a528d971e605c716,112678.98893053907,18229.276843290427,3
64149a7d320b47348807a1a6,92234.59975939093,0.0,1
6414d60f8415a55b99026a09,178796.62787244152,65674.22288398026,10
6419bf0591aa3b47220e6352,285209.59550916805,45658.64182173583,8
641ca455c9572f5abb08955b,406706.4389724998,58315.86725201281,7
6431405057ba8595ce0d0b8e,177918.4045277467,48813.90410320525,10
643166c05e36f71852091fe5,102237.16859708061,18346.39736842571,6
64355187adf55fa8530b09b3,106537.17601267273,17790.978203030932,8
64428cf15e784756d80ef50e,84195.81545569646,24362.53370423335,10
6446e453e376e72c250379bd,103599.54587628017,0.0,1
645985345fe98f18240123ca,128730.28534616707,20920.12745234452,7
645bcf05e21c9e87020147b9,299306.01737009874,46955.62762136762,10
6465eb4f03a2e3af2f0cdff8,171936.202628695,29929.68717860734,16
647ddfa290be8c253009b77e,74783.71293628278,21185.75070937073,9
648315e5fe9b4464fe0d95fd,192695.8157130019,62649.522583722144,3
648c678066d0e762300880bb,169990.66076930956,47371.39837667538,13
649340bacef10a5a630c8f6e,124495.96028231601,36439.35657252302,10
64956fc955a9eaccdf0534d2,144045.702721114,37313.93077291935,8
6495d541d4b78f25f70a1c04,305878.41730653506,41895.624717310784,9
6497535e15703795220387a9,106676.68904579149,26992.267319279676,14
649f54fd30db17c28a0e03f5,150157.58289443722,35138.54357400212,6
64a2cad6abedce0c8b0e0120,156122.34826234638,13826.06679163566,5
64b583d5183eab58830dad8f,141264.61399945433,18854.525711782386,13
64b5873a183eab58830dadfe,351995.39012621413,52549.596125127115,9
64bbdde3d6dbe5a0f402c1d0,86586.60202710658,25033.49373397025,8
64bfe442af521ea408010a31,114410.32403862901,8921.03677201817,4
64c7a20fee2271757904af76,210883.23957282686,18341.340752605545,5
64ca637281cc09c7d90b4c80,161001.97682772743,56855.26836111108,6
64cced987f7c63801f00300b,341947.90131526784,38206.82162380338,9
64cd5a88c91c5fd8670e5b98,390633.27330670157,84201.63575095467,8
64d24d23c07ff0d60000018f,74398.79261742432,22783.43641741982,18
64d3caf1d5161b906f08b463,151546.1617142103,26668.727221937777,12
64d49de267b32e30ab093f48,122733.25776025567,22169.28980836962,7
64d4a8d0eb4af31c45077c67,74180.34252629757,25732.855236453408,11
64da8ba2a67d1a5541064dff,89800.13765520805,34658.9920386118,5
64e0864dd2d3e87f3f0a1dc5,122542.08611111471,34876.699269606455,8
64e329501d1ff75d5b0db82f,615118.7149912107,88380.60332259767,20
64e3554a9828dea77b0e6551,83006.8542254505,25542.404674646972,6
64e366ab3d7550db960f5488,118833.10936944532,27291.94648258838,11
64e62faffd7041609903e74f,448708.7197540724,48354.02079026161,10
64e74d8434d261852f0c8767,157605.8236853885,41238.72831496578,8
64eb8dbe1b584eec520ae1aa,123284.63018175514,41968.52230163344,13
64edd1960225e929650f92d7,243578.11492059391,57018.78816580999,9
64efa3a85434151fef0a8f27,158078.87941689763,24170.168682528136,10
64f0748042a87037880b1eb6,484330.01933768846,47960.54838586726,13
64f5bbd0cf279a6adb0f51b5,131711.69745649793,23562.455338868294,12
64f9ffa41af11c1f85041895,200986.7617288759,48994.76011185485,14
64fb0f828b2d64c7530029ca,128656.383640491,31548.916915336056,9
64fb47662225b501220ed695,417257.708313427,77128.84301210183,8
64fc622324dec98eee05f6de,112611.09999792393,18292.811122296956,11
64feed0e9f3c363ac50d69bc,275542.16501082573,69828.95151159773,12
64ff04035eb2e1a76a04dc8e,174681.49411331935,62996.40946741128,12
65019deb89c633f66f05a36e,65704.10635456821,21096.32444119195,2
6501d50025cdc2dc1c0f0223,105448.59329639864,13633.294827502741,4
650c1fc29701b914f901aea9,135557.68037807202,63973.46314713925,8
650c26b0e7df95833a07c0ad,401260.18065285747,52606.109188592396,23
650e12519919d97c2b0fb39a,115462.37783200946,39848.55172501806,7
6516c09029afe227a603afa5,100737.36401837798,32609.302799746347,6
6517e88ae68a480c650f030d,159454.70032362497,49379.18084319283,15
651ac664fb653de850061d09,120856.73402211114,42350.77919217071,8
651c16547a5c280a040f7222,88362.70883722845,23088.737450632678,10
651c1f66e78ea5f6930c877d,97345.56300974138,41404.04135228901,3
6520318003f4304f300f4130,267475.374748146,47690.10288191118,4
65291d96aaa5e917140eb5a1,128867.12066962024,36804.66137622499,9
652a9ea0f5b0221ede070b35,174619.9755636915,29980.24689992624,6
652e46a52f7e5323a806e542,266836.65713374683,47813.111661783725,11
6533f9838b70c5553f08d8eb,105159.74807411207,22146.05271618169,13
65354d5460a5f1b6a2023735,120329.51715016105,26062.883407082212,7
653a4a4fe53dac86ad014334,68248.96068094045,20959.584060610294,2
653b91505452e4eeaa0c718a,83323.89061939837,17262.846599614655,5
653baddf9322af421f010817,116866.45081961712,24226.4570003134,2
6542569a64736a239c0577da,74841.66243875337,34375.53522734418,6
65427bc8d39ca88dff04b01a,126459.08304815425,30457.094152350408,12
654aa9ff2085ed365d0c6b42,289907.9039596995,49765.04772129926,9
654bc3e534a1b0059e0893cb,307674.83917391475,71548.68986956868,10
654cc0fa899c728c1c0f5635,296550.0136301272,67133.5145392046,9
654d1f8bef95c906f90717e1,201244.76936381444,22725.717111635648,5
65521e08a79e428264045c38,171522.42319084337,38686.11776607798,5
65539eb912284051470b5f1c,206490.82169553553,41703.79583808719,7
6554d3f870ca5f37610ae088,254452.99040615206,37242.278418944305,4
655790230b2910ec040fd331,267429.4713295957,45975.35538919087,29
65581c1dbef552edbe0c9ed2,187347.95630734292,59236.91061617165,9
6560f1f09f8ffa867c01d8d1,139042.47828083017,44241.69142851991,6
6565e75b4d48d4af6a0cdef4,172466.00858151412,33774.47424977113,9
65689bf97eb8cd4bf00b5b37,91601.33511140269,15870.368333990738,6
65689c5e7eb8cd4bf00b5b4e,104087.47712988555,29689.602375570623,5
65689cfc7eb8cd4bf00b5b81,110371.40872245216,27195.77213705059,8
65689d197eb8cd4bf00b5b8e,128817.19538283044,24679.611483972916,11
6568bc4feaf47f48d6016503,66449.19960709168,22780.074959537927,9
65692651ded1c146f404a7df,84403.88035517371,17981.924555692047,7
6569c8ded156a10ae20748e6,83691.18489746953,29467.565330860827,12
656ef990e15431e5e50ebb4c,102553.0176470105,29125.343466150523,6
656fc79e51de883ec80611ec,122574.87604789936,30619.572887288865,8
657059661b3b4682ea0cda5e,89209.13481966831,36454.69185277432,8
6570ab8d2fce0277580c4bcf,180479.3238984227,51247.69680491302,4
657334e26bafc8550609e62a,182881.6079695439,55235.258649083305,6
6577940dd043cfb19c06bc69,120639.90392917213,30362.94432813026,11
6578704588499b023a0c5b17,76277.53071785004,24843.968509359627,14
657984eb644b9f99e40051e3,82924.0008470191,28839.516760936425,8
6579e57f4d8f2208ed082b78,370530.2046156836,60095.29842461179,6
657b8b7f42438b9389007ea7,125272.14765888413,31098.15285082622,5
6581c616b71ed8f37705ea69,167285.81865071444,26972.883135045537,12
6581d44a7ef5d75bbc05549c,94259.68791443131,34292.20150283708,7
6582ee4eab4a3fd5b503681d,219243.76529597832,39388.73601261698,12
658309a56567861f21086677,169044.01563645375,69461.53835968919,12
658400e9ec641f51f30f2ef8,144130.81341950584,37447.70031150147,18
65842df5513599e545035174,101655.22031518105,12093.65050370832,7
65843fc9016553c32b0bc19d,106431.23838975337,22955.664035271442,8
65855829217ab8626007cbf4,116342.3133157833,48853.000913618846,11
6585807592964bf81d00b828,184949.54897120871,53746.41982385792,8
6585e92e3023c30cbe0902b1,115101.540088562,21931.91412656343,4
65870ec38eef96e2700f2c8d,136649.5951821042,21765.31804828884,6
6592d572a76da22ea602195f,279242.8557970006,80007.55206384692,7
6595df3e97bf32a08f0ef656,133453.53783296974,30940.902361891745,9
659bffc3a729e1740a01e124,101089.78784222552,30646.47996541453,8
659e71371380e42e200c56e6,103740.95930860908,33222.656870159175,9
659e9d5bf7384192990472a9,105599.79938132482,21384.82966134941,9
65a0f7afc5db4d99f60a368a,136046.19939804863,25165.63537298488,9
65a81a15f5fecaa6b70b702d,110922.22371758496,30433.868412139655,11
65a937e679c4199a320c8835,157728.52674295974,32767.450886157487,6
65aa76d1a6dc5b0107022680,186681.51178689327,60217.733194665,7
65ab021f1c848d460902b572,109344.10894546511,11993.312691042041,4
65ab9fc40deecad39b0aeae9,75500.27263361019,21884.11466442052,3
65aebe28d2c1db08ef040acb,569373.215353152,89238.76734937626,6
65b01e88e32a841d9d067723,164823.83152621938,34663.894359105274,19
65b10f877f2ff39b50018955,171223.02363446652,2916.2122919350513,2
65b11f7abd61a70db00f9afb,98677.0810866777,18890.5165886379,9
65b3bdc5eb57108bf1091400,286338.9974498764,63975.97113264616,10
65b3cc7f061d2c0fe50c55eb,164570.8294270208,42406.58327708713,5
65b604400f2e4a09f20a357f,91494.46378901806,26479.058274402203,6
65b77f663e8616550f0e1924,123581.518914087,51676.127997823474,4
65b7801b3e8616550f0e1978,174070.0467729009,49226.52787947509,7
65b78cca064319a282044be4,103283.11438282362,31788.232966774434,10
65b7b822cbedc91b140e1d33,160518.2436623602,68792.13608643568,9
65b7d1ddf4a1543358012d1b,74390.95504175717,24871.769369167432,6
65b8266f98aa768b410a161e,142676.43683273598,50471.65208596798,5
65b8e8dd7d1cb100f80c1dd6,87884.1048391537,34677.085324166685,4
65ba7ead6d2b4003c903c838,394760.3416868011,47912.38680367709,14
65bc0c52b256af727507fdb4,157879.63427107985,0.0,1
65c214b833673c3ee20fffa7,192854.62783201432,35552.083621782724,6
65c22a4b7518b47af208f085,119322.84312118827,22536.138708743165,10
65c35a93052d5026940e0101,244628.42873275597,36415.78486948456,10
65c617109643e311fb052422,63531.46883667496,15233.152303396038,8
65ca153d48933f3e6307224f,93354.81899847533,24285.064237947554,11
65cb3575ce96f63b4d07ed7e,148667.86283980167,24890.119550801384,6
65d3d5f633717fb3b905196f,64122.469321615456,11013.956763087572,4
65d49b81fcdfedd0d6089c8d,279214.76922753954,53832.36382928335,10
65d4b93c1bf47ce027016b02,127064.83722362103,16022.478377323077,9
65d5f9472ebc409a1e02fd47,148318.27838443688,21397.35113794458,8
65d7dca307196963f201341c,117864.06085111505,30115.476380745164,34
65d89a68bcc5341100008234,260171.43040833072,73509.6527051071,14
65dce2e7f454ec73ac0fc08b,297039.027031419,35854.144666302665,8
65dd1db7912b4cda320d5b99,163316.6345412207,37899.57678675323,11
65def08794f2e7415c0fc204,135320.65616798744,27900.145943380176,10
65df1834b8b3c95b6c0d3a59,137852.7250713163,23181.46777206705,9
65df1aa8b8b3c95b6c0d3b04,72067.90300161642,30204.761431400602,6
65df1aa9b8b3c95b6c0d3b07,143485.24805141363,29959.6491659181,7
65df36ec421726de5501b81f,205971.83471316504,45083.27611566221,5
65df4956e46739a3d70939d6,92446.54563976577,23870.915664634995,5
65df50fb67ea653c23020d02,95303.94271367129,28917.497888738322,12
65df5a3b67ea653c23020dfd,212650.99666804163,51718.07215471238,9
65df5b9567ea653c23020e3b,171915.20037736578,47688.689157314875,7
65df5fb5daad886d72083903,149285.18087354038,31937.332916807038,12
65df84b9af2c545664021dd3,132150.8350809504,21366.61417463111,3
65df84baaf2c545664021dd9,158109.89586540087,36137.66691224649,10
65df8f261106344396069e8f,104395.8265734812,53446.99809473931,8
65df92d8aaf09ce14600bfe7,177957.239768708,32280.43996921297,5
65df98fa2a53f89ab90d7ab1,83556.66786000456,13086.181718477023,5
65e0793c6b092f8f020bed93,70406.29078569324,15008.129550226158,5
65e091d3a20ff571f604da20,87784.12239144224,21029.29064699786,8
65e30b37e585e13b980524d4,187106.92502920554,59900.59041514513,8
65e4717cfd160b87cf0d3faf,145072.62465384143,29347.823376204127,4
65e5ecfb2d56c0cfe10bd8e9,88071.23038589409,26036.91065403886,15
65e6ec65ce48eb53f804887d,88925.61927691702,24061.92140180615,9
65e87ff13570450c0c027618,226188.6689305608,42732.993408092174,15
65e8963b4afb3ecff00f1362,108461.31669014567,32536.751467154034,11
65e8fcf9e587d75dce074e6f,144451.81163239386,23331.387916177082,14
65e9e0298370d592a20aab53,94449.85422448386,12565.809965193648,9
65eb65a19c0e3b659c07a914,239221.30906061563,41036.53792420303,13
65f0781eb6a4c54c9301a944,105532.6978670811,22762.373829873406,15
65f0872cc4c2b1b49e04f85b,141021.36017634466,30685.508215395683,6
65f17c462fba2a50280baae1,92781.83066168673,17731.52625074106,3
65f1fae29fe4786d5208b0cb,355324.92336786666,77834.74325372606,5
65f2c3a1c22b457af704c3a5,134287.65801390397,7393.126190630394,3
65f4637f4e1d4d18610dd63b,126223.65294826939,28240.444735907007,8
65f5c9d4078fd2b1eb055f76,104349.9162133279,14808.010077428424,8
65f828b70e68b5ff17067120,97096.3357704947,19329.023385006232,6
65f888a2101bd322770e6790,176793.89049952998,53449.94907575048,12
65f8c8b5cf16a51d7f0d830e,131844.94550061724,24398.968290602876,5
65fd55f701871be0cd00266a,120845.33570813708,21375.104666525618,12
65fd68143dea86c89b086d29,250674.26170682945,69660.30154404546,8
65fd97f8ce594487600049a1,367502.45475637855,66907.03558876264,23
66015aaa998d477a6203d691,172379.51285618966,43056.31608359858,8
66018437639c9e95360756a7,232407.58645757652,81592.51678766044,5
660195213f96b4eb0404bc38,200551.3181853911,16430.122016938738,8
6601a1243f96b4eb0404bd86,87612.1339786195,9819.633713211233,10
6602bce5f93b06726f0a93a4,245328.62085998667,37625.94545860739,6
660684ecf952f45fc9025ba7,156425.22228933618,27495.44013616098,12
660691ea3106ace70b081704,79191.46875644439,14737.506068721059,4
660692e344fb80d6820b27e9,227324.47329709007,31875.476743873925,9
660693bea2e61048cb06a74e,138511.1096496565,45568.7372195668,10
660697cafc76ce397b062f74,85008.78306668802,21501.189678250696,4
6606a0d3a2e61048cb06aa2d,126643.96965882202,22986.526135800294,8
6606a5f428924af0e80c927a,97292.61741287759,21168.46402047951,9
6606a8fc28924af0e80c92ff,146976.121665815,47240.1315509271,8
6606a90028924af0e80c9308,151809.49429733792,36285.52249680389,6
6606af1a811f0c078c095ab9,385969.78086041834,84739.73043359022,14
6606bccb811f0c078c095c54,97309.5940493578,14599.65274005821,5
6606c15de7ffca3ce5010a04,114539.86176127674,18592.240711358787,7
6606d1d716fa777f7900f8a6,201762.5126266378,61266.80759466783,4
6606e0ae1494014bb3022dba,194936.52282940308,56921.12512898421,15
6606e81b58abf3942c071165,313653.62339487654,71101.7396238644,9
6606ee1c87281e4c97050262,198094.48672416498,58775.04606283013,7
6606f74b74c510ed9501a386,213361.5939422489,47597.3477979465,7
660706047a6150a5de082475,114343.84342578781,29914.451587280502,9
660712daf526ab6b8b07b39c,594022.4663908407,76230.937921094,5
6607268dc6f642263600f990,136734.59734335638,35239.312915520066,12
66083fc27d46af248e029091,232189.33804429413,78236.73699662923,6
6609b47a765af0d89405a794,100983.8135357118,15694.268372102002,3
660a87114a3f109eab077502,122080.91420564568,31497.995595384593,5
660beb8580d5b5fe0a04e166,96128.16921218562,26823.969433269704,7
660bed9580d5b5fe0a04e1fb,140584.61695776478,22206.191930550696,10
660c06f67370e3cb81035cc5,159377.28629661343,41617.38173809406,5
660d2aa299d2f97e3103c376,118951.7722201306,33081.60196282054,8
660d3c65ebc444fed2056dc7,175105.12047004464,35387.733291611316,9
660d3cf32d7697aef4081847,69972.79894448837,24402.021046142145,10
660d484ead58e997d2089341,252820.7955189392,43821.31419736952,10
660d57ae9f150f6e020f3105,140959.36533357584,35499.657682953264,9
660e877ffddb454ce10548b4,86232.83971506175,26240.770154358404,10
660eb6c380a79bb8780e5580,126000.23105139787,21634.714934201595,14
660fde52ddb4424b720d61b3,120208.69632649813,41576.05266981613,10
660ffb6e8da99059640e235b,171652.82067626182,46536.77384539263,11
660ffc268da99059640e237a,73802.76815288891,36830.938038783,8
660ffdd1eb91d66bb20e2195,119272.84634568768,27697.039075628465,9
6613e8758af513d9ec03ab18,153686.9530479669,14346.000629289609,6
66141bd0b99e6a568100eda3,171001.44946644545,50930.96209156493,20
66153f651c4809ccb90d9c7c,175696.08780052743,61105.797421045034,12
66154db03045343ef90b1fcb,413918.236153389,94930.10333690105,11
661588023841bcb2b6094ef9,118388.1146577494,23389.926509110544,7
661593a2455bcbb8f9076310,154269.27752935415,23045.511968393588,5
66164f8e56861ff553017d97,86558.62808289457,11841.838110031636,6
66168335877276b3790393da,333045.258154074,56284.32481884759,10
6617e70521913093cc0a7616,100014.47159297965,25566.749264810485,9
66182ef951eb6aaf620a3b12,128562.66293070254,35356.03412294861,8
66194b6014e51eca3f050245,96090.17868834327,17408.544921191013,10
6619800fc52ee2b8430e1063,179739.09999103105,89061.56204082846,2
661ce0d78847f21ad50c1646,408115.5069788888,96391.84774126834,15
661ce71c4ab9a7abf40dfbe4,118257.47506742008,24378.095642884542,14
661cea40e4db11814704bfda,211393.2974445562,54871.075628014994,5
661d2c73ae2b8e71310cb47e,87255.14936410499,6621.060180243118,4
661e4f2b4c33270834001d7f,124514.16637286078,19677.064260036776,7
661e4f2d4c33270834001d89,194796.266675978,49307.66217914206,12
661e56141598f530d60dea57,127712.12935863531,37877.09568815885,10
661e721acc2fb54b780812a0,110132.49543815525,31942.533787512082,7
661e87eeeb9f6c955e00ae54,141379.7852808179,30175.19114654496,12
661eace307a372bd7a065d44,104379.19462140666,24025.283367814285,9
661f870f7b735c3aed06cc56,95867.72947575508,11658.530571789106,3
661fab719754fba522095988,163544.76659838724,49593.650200846605,9
6621010c3995553f4c01531b,173236.15256771824,40388.136038655255,7
662111377fd7ab84f20f7fc1,103273.89191351082,31867.77275801419,4
6621318ca6cb16d0d60ad91c,130974.9029309518,4072.3045655778214,3
6622a529b7451f506c000b68,167751.46012352552,36386.38932969505,8
662397ed1e23b2ed300ec015,196937.78535370802,52486.74784584718,13
6623b16f5627a42fab071bbe,399178.92803716456,97513.28545361332,6
6623caf9063b4eb716077225,259399.78961800167,47284.01737035238,8
66267133c7195dd34f0f5ba9,440792.0906857973,72844.76599969612,11
662777b87d94f176da095625,81555.01600650018,25483.339360168982,14
6627805172bf7ed16205a45b,168564.96166374735,55193.84535660844,6
66278b9b72bf7ed16205a56a,148909.65778209124,55376.4605397496,8
66278bd00d294889e7067dd3,143960.01450703587,22154.91181769842,9
66278cacd3fc9d57230ceb69,118520.7054397208,41731.39508536204,5
6627b2e44d16f420c00fa83d,238183.72826709747,50233.16061952061,15
66280c29e3445375e10389e9,162951.87806852738,11854.973355264143,6
6628465160ff0e124905c575,313729.03686668066,74851.20433754395,11
662907da9b319e31de05c9c5,101881.62399118078,21512.174173345127,9
662a2cf287777665990cc356,144632.20495557363,17455.482475471432,5
662a2d4f87777665990cc389,308295.54097621766,21507.259106513662,4
662a3ae563dde5bfc209c53d,62841.86958459541,16367.655919547555,6
662a526f69f2176c0907fb4a,99996.20595823751,33688.51538493212,3
662a5e51ed3444c1db083fa0,94300.62147734148,38100.38758700173,4
662c26b9500604c66404287f,156829.76135924345,54110.07544006384,9
662df22590a55be6a2070ea5,95867.72947575508,11658.530571789106,3
662df2f5a4eade7cb0031e83,83194.21338160837,11274.437460197283,5
662df67eb60991da990d3a39,128978.32248006613,25399.42473754309,8
662dfa519bc28c52080d3905,92447.54151679025,19693.851920138448,5
662e0896256eeb95670dbce5,118531.17603190709,29658.60297031312,3
662e11895c81c2cb670a3263,144860.9189792397,44268.47177864924,9
662e12c9f0f6494ebb0cc475,177549.68269125046,0.0,1
662e13b4c37cd5ed8401dd34,114802.1397939804,16806.215096522817,3
662e1496db524e5a400b1047,83486.8261298283,32045.48803923751,3
662e1603d7099d54520df7b6,165305.58919161733,41640.044695145174,8
662e17a731d61b19c90015b3,100965.97130886528,27772.490131581875,5
662e21581583f0fd6307c9f3,76303.46423830517,31657.498475993056,3
662e223499d98abfce0040b6,137589.43008698424,32472.770804512384,5
662e22a1fc1d9401b80c44b4,72277.02028870728,22265.586878756785,5
662e2610a544e3dbaf0a96e3,127744.10260502197,35358.25726680661,17
662e26a8b66cd9abb808c933,140309.38548582108,19944.889981318807,7
662e2808b66cd9abb808c956,155537.30174817448,39347.89754056464,8
662e2809bd763f3fc00b1365,115175.10790615359,23333.7844258972,7
662e2867f520eff46605a1e6,118927.85072845238,23210.634132855088,6
662e298788d989422c038546,101793.48139749252,20887.261205364965,4
662e2c2b386d376b5d07e4b6,205392.43834023885,0.0,1
662e30dd93d7e017b60bb866,183452.2214564096,58130.03537962096,11
662e466f9f4cd0436108f9b3,98073.81126150113,27603.48239740845,8
662f42f319ba71ac7f0b9265,122174.58798493227,20344.552522899125,8
662f6235693fe4d82601877a,363236.509869172,97997.2059257802,6
662f76c79d55d79267015236,278728.4623869522,51411.33756303711,12
662f7bf84ca4cb3861096b04,222910.51610936614,68577.34274422153,8
662f99c3e3ebbcb07f026934,155162.95599612664,37845.659645541346,4
662feb636a7b11db0903eb31,121685.54838492753,51766.90211297739,8
6630f4ed277839f2080414cf,88451.68641754772,24179.581136964378,14
6631003962b27da6e20b134c,212915.34096741406,24226.94938284139,11
6631351bf793ab9bd208f904,239012.4024139165,35145.61989450418,8
66328afa78f56af1460d2a83,81285.34775635878,27505.015587970225,5
663350cdeb45935f62037784,104210.2363403913,27668.448143303005,20
663557faeda0b4b9c6027b43,120530.17057412467,29357.062436306966,18
6635db5cfd4de9f602048fc3,130627.36702607134,67974.34822432305,6
6635f37bb71e727dba0dce74,120694.07899893826,22225.950026372477,11
66391ec0e0d312e8b0032774,170519.12157953507,40872.48450503527,18
6639346fd2e6f8bcba0e9d03,72353.13960824204,13339.124302752945,3
663940718c38069e6707b133,83184.21606930633,21655.880513154152,2
663945f5ca0ed53c2006d233,75636.8627830552,17745.38547487234,3
66394ae46c638de18e0341c3,76761.74380262707,16703.431028740422,3
663a5b3ede6ab3c0e3015698,142276.68025913075,25465.99184362852,7
663b7590dc220a177e0e9077,91491.40995263681,13952.737259842268,6
663b9c8b775251f36d060d58,185771.81389187355,32230.56590178342,6
663bc624802f0c2ced013c79,66735.43569974267,32120.009850892402,10
663c9762a26ff504780ce618,116209.02822779746,38478.88762803016,4
663caf11e90d905c290d8cf6,113152.7992861605,7500.789404464711,2
663d09463070f4381200a678,155875.9953203217,28474.47471733328,8
663d184acc872c9332093497,179496.56295873024,21252.83666984418,3
663e34a7ceb4cdf6640fb9d3,171331.80406712374,88509.27416935441,7
663e725a831477cffb0a09b5,119426.9822831375,31140.012980585707,8
663e91a68a9b18481f0546c4,154281.62668419856,42222.72945893192,5
663f37feee5b009af70d1392,97419.2167600365,27022.071257199183,9
663f71bc810f4e13bb005994,140243.62354488007,23580.77737973963,7
66410ae58b266dd251026f43,108458.61357518162,27451.18016577879,10
6641d096aa5310ac800dd0d3,110300.73834452312,18644.80852780772,8
6641dadd9d5e0bdd65077463,128955.87938757273,37926.513823434696,11
664209f7d4b75a851a0750e8,87948.21299799961,30167.25994757768,12
66422e851fafd205aa0b7bc1,133248.74261797464,12496.6105467137,6
66423f2a66cbba08dc096353,140440.7173997849,32564.893306367532,8
664329dea3373c3df00db111,111402.26101253746,13225.476473040835,4
66432baca3373c3df00db14a,188029.80538945267,48686.939783348396,13
66433d65055afd39ff0a21ed,110698.51156142495,21865.96200134722,13
664346be804ad54b00026c39,79309.14325166956,17093.604389124568,4
66437dbe661a02f8720b3e18,259609.81867210695,57244.46940429527,8
6643a8e88ce4a09442032cb7,430966.5823079855,80541.43611744548,7
664470014f28f1b5c10bc12f,146091.2342718759,23279.15993259755,9
66448b869882b6a4c1073324,103574.53627731543,48517.72915238218,2
6644b6c98ff26dad740ab51d,152728.11503044507,46520.82533242356,11
6644eeb247110e25730f3395,230821.68698110283,54482.3246529403,11
6645e8eb8981a32a1f01cd68,225548.9810272908,20065.17696897752,3
6645ed484a81d40b1c095213,155997.67180096454,22601.008786044582,7
664607eef6abc1d960074a05,116138.50145011353,33769.25317974019,20
664621b323966383e10df94c,198534.0609948611,44053.2606630242,7
6646342e25bbd4a21605fd65,108336.38265592148,38641.381817200294,9
66464be1ccc15ce4730390c8,326405.8143610681,44104.46368732144,6
664715baa07c8bb3b401ae44,62575.65016771646,23112.64862973168,12
664721269054f9c888083fe8,111032.75644591733,16434.06835308939,5
6647884dd2ca2dcf1a0b8328,124559.34417814719,40725.16149342143,12
6648a335876ce8ffa1037bc4,102392.27292098367,22334.4472049588,12
6648a9b6d15807eba807d7f3,192554.9516603986,36054.31734430563,9
6648da48d049106a8901bad4,104162.60330504838,28718.68563156885,6
6648db9f8ee76b3fc502f297,192379.88890334932,34439.22135321416,9
6649ffa6a02da9ac84008b05,488535.21100569266,138123.9422417837,7
664a66b47d107dea130d1a93,104419.06076927255,29400.627770561972,14
664b1c3000606c0e4c01a9c9,202059.74040171714,59590.304950214304,8
664b315fe7ad0728c20ee663,334017.92167054315,55577.323913550965,8
664b347058e398d0d60015c6,72906.17336950451,20869.609323074445,5
664b34f2e7ad0728c20ee6dd,67485.25914364916,32290.467080397844,2
664b3a290bffe0306c0fc413,106809.3150728756,13399.521283708003,7
664b3efaa54cf546510e50fc,94836.0221031574,16610.51925884774,7
664b83ca4a5bc18eb008de4f,165798.87334389627,35009.69191753915,7
664b92fb779c177beb0911b8,230287.5949808409,50366.03354668459,6
664c85f5f5e8c8205b0431b7,225974.70840531503,43448.44290696337,5
664c8e6bd94aa4332f09a71a,218517.25700570212,37144.61132737197,12
664cb284f7ed274d9c0bbeb6,86101.7904266615,22501.18447537793,10
664ce37fc748fed972048183,223543.2348905767,31251.06677700854,12
664d03e063cf0ef8f60c91b3,77947.25603679854,24594.87172808135,12
664d0a7a67f731c9af01f084,158129.94647700523,36194.71659918375,6
664d9f24fb438b8b2a05f357,256911.53093998108,32612.43826832502,11
664dbf2edcec7af99b072078,226429.10250030665,33187.27411110262,12
664dc5fa12c2f3083d02cab0,169539.15315822736,39602.646406583284,9
664e26bf068bb8e5c807b515,135257.96073440037,32575.020199064664,9
664e26d93beaafda250a2cf4,258785.15787887332,36106.94465926564,10
664f350ff8e26c62160a7a1b,70253.65083954144,22987.270339719074,9
664f610fc90e0397060dcb62,146291.7852953736,30254.274998955974,9
664f9be727b953c6f109bdd7,158066.41698471506,37851.29521198609,11
66504dc378bc0c36340eeae3,172757.74686364311,15451.874820757417,5
66506dd0c9a6b1aa0400da25,144254.0623363386,32249.542582067777,7
6650750510f612cb940935eb,302460.66765072197,57566.68841434966,5
66507e0cb5a199187503b3f4,86447.38244424133,14788.701903076651,4
6650886df42713e713049e87,279990.604886644,47157.56125475081,11
6650a00ef18f4b43ee00402e,74549.91046314262,14058.696959638633,6
6650a67af18f4b43ee0042b4,84567.98263609651,29812.79368841408,15
66530660d58f243867013793,142646.6375521532,32730.598105099027,9
66545295d188149993010092,160649.57455643592,23490.737631196098,9
665471fd37ae4c08010c7103,162585.20656327246,32551.24003593802,15
665479716bd9f9debb01c51f,147994.46769943496,44222.15671363596,9
6654cd85b2bf7a4ae802263f,298111.7469997401,69519.56521181027,11
665591f2b36968b6020a92b0,106855.8450046453,25030.86322307273,4
66559406b36968b6020a9302,170070.93115845593,23083.25807664849,3
665596971c92cc665c06d32e,181226.31170372295,16932.55105366726,5
6655969c1c92cc665c06d331,86240.46132915297,24696.07899242301,4
66559e48a9113a3e420e1343,125373.37868275268,22650.729232618596,4
6655a547b3f630f183097543,102527.2770958602,6026.343504564595,4
6655a66bdbd2b61fd805c443,56174.55553276373,17072.427496769727,8
6655a8e64ec50b0e2b096c4a,83483.319305867,22172.41360367646,7
6655acdab3f630f183097619,286639.4277343112,41842.186350480486,8
6655aed1b3f630f18309767f,243370.68733662757,25946.6363541948,4
6655b4b4ad0526de8e0432a6,136557.74432768876,40496.55145823239,7
6655b60bad0526de8e0432f2,335854.6317470928,46802.955665890935,4
6655b699ad0526de8e043322,129299.03445361016,33364.463261663695,9
6655bb82ad0526de8e04338e,290445.8700473601,46230.38028100379,8
6655bd17ad0526de8e0433e4,418977.2537999509,77052.45192847523,10
6655c4b052f6001694045349,131075.50255666472,30243.446183236054,14
6655c4bb52f6001694045355,162086.66084480291,25397.630805554218,14
6655ce4252f600169404547c,146273.73606038152,28202.844289398647,3
6655ce4452f600169404547f,123696.27999371533,9630.117668419858,3
6655d1b552f600169404552f,91639.35706974797,34501.73965585624,11
6655d2a4e3a74378180062ca,84095.88491543291,19792.013505843453,9
6655d2e8e3a74378180062ec,138756.36923278033,48729.85647079432,8
6655d773e3a743781800632b,79974.6114979146,28880.83928507881,4
6655d91206d9cf532d05a723,119181.50939770155,18244.328501564956,12
6655daeee3a743781800638b,200696.3845827814,21307.310678705402,5
6655de00e3a743781800640f,302889.37440574117,52221.48502645589,9
6655dfd0e3a7437818006456,123568.49556463948,15127.323765179728,5
6655e069ce9d51e3d40b397d,118063.97984259466,19179.76244683354,7
6655e6493e74c2d4de0613d6,123929.96178117572,33248.92245876563,10
6655e790ce9d51e3d40b3a1e,96189.27894255762,30456.95339839525,10
6655e90549a68016460189a4,142298.37659548293,46190.086289490064,7
6655e9ce0b253222fd01e6a4,125299.83445440978,12961.078350916163,6
6655eac73f4677301404abe7,57642.012153174765,8220.124268770838,9
6655eb91ce9d51e3d40b3ac1,446901.9887152726,54758.03348122948,5
6655eb99ce9d51e3d40b3ad6,198832.40219323177,40484.96986742289,5
6655eba8ce9d51e3d40b3b0c,195500.35762104735,65152.096294178846,7
6655eba9ce9d51e3d40b3b0f,114467.94153892159,22529.66704882488,5
6655ebadce9d51e3d40b3b1e,460665.282096347,60992.84588381111,4
6655efc21341f30aac0818ca,141947.4084604708,22551.624964846676,5
6655f0e71341f30aac081924,210250.62946216983,53339.27398610735,17
6655f0ea1341f30aac081928,111510.40855952878,25853.71041865795,7
6655f34e1341f30aac081950,137863.02414314612,24889.55333498899,5
6655f4751341f30aac081978,228583.39553571952,37456.25523378832,16
6655f7021341f30aac0819c0,248431.62769213814,51380.05761665263,11
6655f8b73a00fbcdd70db773,116994.80985688874,33269.952215150624,11
6655fc46815d9477f50db989,193698.2581012295,35833.231325781344,8
6655fc7b815d9477f50db99b,180155.07252462744,11175.125319949628,2
6655fc7c815d9477f50db9a1,207451.38974056588,69485.12856289386,6
665601dc815d9477f50db9f8,241083.32192594119,36467.18349543242,8
665605a1ae55c551490004e4,117126.34310382856,38404.2517499744,11
665605c1815d9477f50dba60,166956.56324796987,39682.432575826475,7
665605c3815d9477f50dba69,199322.75835222067,46088.35952364101,3
665606b6815d9477f50dbac9,574420.2577979541,60911.97246280501,11
66560b66774b472e770be9f1,115853.10895925718,15238.462008235074,10
66560ed9774b472e770bea1c,187241.86043448417,55427.495329497324,12
6656194e9b6d2fa25306ab3c,94813.35538220387,24150.904914666186,9
665638c1662df945300fd384,87299.89248219073,29575.255486009937,11
665656ba5f5d4ee66002569b,94320.02654834185,26221.457887073455,5
665656c15f5d4ee66002569e,116967.55475571465,27600.919642375906,12
665656cb5f5d4ee6600256a1,172028.04779706607,32967.47399881081,11
665667afe376ef03680b33f9,134988.37106760102,53218.21562585717,8
665667b1e376ef03680b33fc,116896.54236143192,23988.19688405912,7
665667b3e376ef03680b33ff,94781.03332583241,28208.696499823294,6
66566a2a987ac00ccd05abe3,105544.34109099474,32305.814779358127,5
6656762cdce5bf9cd9099cf3,119568.47709066544,26800.68410149511,5
6656e74a7ad5a3e666086fc3,107698.54959994326,13304.436282701703,3
6656f851bf38ab37490527e4,100652.04827391109,15842.308512328389,2
665710da882e4842d403b394,124894.64033141834,27173.395039144732,5
66571b39567c6afcd30b09be,194096.8492767967,75670.02276081622,6
66571c7b567c6afcd30b09dc,137722.78263482856,22464.32604883351,8
665738a5764890282403c414,286960.8502299014,53442.87346844772,8
66573fcdc8a1bf56330679e5,121020.99322993256,22608.189646666473,16
66575b33090182920f0a4bb2,193425.72387851964,55722.54688506924,9
6657890a25de1041260a5dc3,106897.53803035455,25198.44048832513,7
6657e8867d5a67624b070cbe,103022.8492456862,17821.718915865822,7
66582d9d98edf1997f0cddf4,94142.987960449,22320.571581679997,4
665851945bb534f6a509755c,131956.9126409555,18420.026367420658,7
66585ce070b011456c051a24,172935.20082212746,58649.109338639166,7
665870351fe46b96c10a9367,114546.23348561348,20949.89197529578,6
6658982df94c6596d8013997,75391.52808436303,23627.730034117107,6
6658a9adf6e2dbf2af0894b3,97336.42518235308,42390.27784046116,14
66598f2e9eda5ad0ce05aa43,309904.3890123255,38857.488505665104,6
6659aa7d43738bef530f78b4,416264.4406483698,79069.85471979577,14
665a092c759b05d5690e192b,148640.7928564129,25635.7789099158,6
665a1391759b05d5690e1ab6,290675.4707541894,38941.98589005211,6
665a384e334362ece10667ab,230257.21500726967,49681.93954391726,6
665ad39f5212baa9090edf64,117509.1616518022,25408.94076818311,10
665b263460be581ec60ae935,131228.01509957341,30940.06111130822,13
665b270ccacfded1310c693e,112502.34239410904,39337.224824858575,5
665b5245ed0f3849e802d543,62964.46544464199,16588.787717960175,8
665cbda52af7b88199043735,158681.97642230475,17418.913261438563,9
665cc45baf9bdf7a0d0d7a63,167678.4677650246,33140.2527779623,11
665d7437ae1d2e1bd6039aad,133823.24339848995,41648.40984792503,10
665d946609a093043a06aa26,59198.91060758693,14068.423729011605,6
665d9e1eef2a99b4d0094023,123147.39647121057,21941.996034248874,10
665d9ee57a23ce1e9b041dc6,92755.92940089574,21289.994498700165,11
665db58d58ca6918e0047813,68465.02517382856,24495.11127291191,6
665db7a43c578391850435a7,222415.74716651952,69222.3606372728,8
665de57f0a91c137810b8986,119172.7159710312,36063.14251197642,16
665de863aa29dfa3e2048374,382476.34592791874,80809.47210254577,11
665dea4549034b414d071435,360353.9235146819,38931.756402351806,12
665e02fb668d495bb809ea05,151993.26331300195,21639.841249916313,4
665e605d7057981eae0d0944,248720.52286020978,30814.929785622753,10
665ec6764769b23cbc0bf8d4,334501.0161516561,82937.8704547173,31
665efe663ab9e160ec04989e,169798.51833345887,52683.7811079441,10
665f2a6e0294342c750b049a,103071.64436820812,22923.773088407317,9
665f41506ed945f3a508fa29,208462.85543095757,43974.49421249864,16
665f425cdbe901d4c804e18c,109222.3578506411,28224.865170167926,10
665f43694a1eb929030f57f6,286516.4694805004,55767.31184384981,5
665f85a3967432d3600e9a63,116399.69011895113,18090.724484525294,11
66601621324a14dcf70c5404,111024.42485649555,46337.3198620124,7
6660184d2376909e44020394,131939.38022327513,30778.805645832086,4
66601eed504561aee80c0e15,181145.46676017705,28151.26518396131,12
666083f2007725f1ba0d7581,364325.7108901811,33728.32039332102,5
6660a9f5deb2c2b69d0889d3,395125.6289175896,58002.98520720208,7
66618a35afe6990da3081358,495968.9682390541,45190.92764952652,9
666198447e2fa171980ad115,367855.51691474696,105278.85553398477,9
66619ae36e4217b0f80ebcab,97323.81721459783,26850.648675868262,8
6661a5a095d5a8b51a074cd3,130194.80651430604,21239.81832971593,6
6661c8ddecdaafbf1a03a634,153290.30145809284,26966.95957990411,9
6661e1616a05e460480bcac7,182526.29669677443,60487.54881269801,9
6661e1736a05e460480bcaca,138824.7526330504,24928.779547955153,4
6662a94e8f55d86a9f02d838,81566.59971520196,19166.081631101657,6
66630a047e9fb9b6d30b3795,116123.17723310241,26328.212896609537,10
666325ce3261e7d9120a9f72,221172.43950852848,46140.66762005182,8
6663e8ea04fd469c0b0f3624,156952.70148818573,23267.29672784057,6
6664403f13821b6b390be25a,104395.10522119475,47729.47801715118,7
66644a203bde9cef410f6e75,247685.8443967648,40271.280024836684,4
66645f1aa64d556c520217d3,216622.8742318681,92360.74004364968,6
666536eededd335433089313,103154.35858549015,22711.831996748144,7
666563b23fffaa98280a1813,192546.87112472078,38880.74830669174,8
6666094cb7a5bf1a8b0e60e4,192686.69193432172,31686.007757307052,9
666639343dc0cb897208c05d,120980.98248536851,39053.52444164943,9
6666ec93f27d022e2b070673,268326.1822175656,104029.68810430919,11
66671b9cab8b3c7aa3082964,60415.484424357404,33261.887049748126,9
666761a395b382085c0989c9,84690.80643304005,9588.34862272737,6
66682577e5b466919d0b3e3e,111298.93127819123,32152.131070786047,7
6668263ed4f4afde4c0c98e0,126904.68497318115,33076.17967563188,7
66687ddd772c332e5105e4d6,97218.19948686736,28761.660011318952,5
6668c1d42d8153fdd8055d53,132162.5249690233,24893.399093299595,7
666963f8a1bc6f4d410fb5f3,143952.0444815919,34209.64337370581,14
66696a2f04309ce0e5022563,140800.61915653502,15205.796169256359,3
66697411eed8ea308c0b02c7,118682.52047008938,18533.398794268447,14
6669934727f8f0cbb100f6ed,122833.32174813673,33823.015240501896,3
6669bd5563257ef7120b14b8,103576.23514725288,36821.58726257077,7
6669c851663888dc9306d5cd,288157.54880031745,44114.557199773866,7
6669cce8764b365b240b2470,162451.97702666372,32179.916767482282,11
6669d7752fdf11503a072055,71483.47395335579,31592.056740330092,13
6669d88fae6c9f1605028688,135636.94055472643,21571.25369709254,10
6669dab76fc4a07270084276,99251.1510652243,30001.472612195863,7
6669e5886f30cb41d20ab1d3,94303.15248346528,29571.002821155744,9
666a09462d0501c7b60da0c5,142425.06019564508,55491.414328796396,11
666ac4c61963438fae0d5114,164894.60651134557,37159.45557427601,11
666af3579974db608a02ac14,164628.758866492,35150.11667477757,11
666af4119974db608a02ac41,86257.27374745968,11261.99492148729,3
666af889a947e1988e019aa3,349931.8829234983,53692.13693074973,3
666b130e28c6ef9f910cbe38,168405.98233165187,59012.824835147665,6
666b19e2b409c1ddbf0a31c9,633197.4432218815,65547.98177130228,9
666b26e6dfd6e7e93901f94b,133670.6055072238,27660.782703903027,10
666b2ce16ef9c2c39905c673,234703.64903692267,48757.649920079755,10
666bfcdd45ca9903ee0aed35,89739.54524168478,33164.319057407505,6
666bff487ff6e00825050ed4,149762.50824583703,39669.90087011849,9
666c1a77de8dc9874a06cab9,139324.98086914627,41185.72079623239,11
666c379e9f35cf19210283c4,332319.98009491997,68566.99669312521,7
666c6b570d7da67eeb03df07,148682.37970043838,36664.050982335284,5
666c6edfa0ca9da3af00ea92,121759.26240035679,13660.290614275607,4
666c7864d1cd70a63305fec0,326936.68586964,49605.55920189343,8
666c797ac19bfc76aa0fb39f,168254.90143643395,25239.910795577238,13
666c7b74d1cd70a63305feed,128390.6930791495,59095.30957634706,7
666ca4742ff62c972b08d0c4,122423.03792374507,21955.780410303625,8
666cad184c7bc1a7020693a3,75564.88942846133,23010.81387022798,15
666d6a6e0983b77fec06fd2f,99287.96809887566,28577.91828634776,5
666d747ecefe03a5ff0c8c34,103042.7809952293,2739.892676589734,2
666feefc99e5a5de35056412,114596.22818772704,15011.41498622984,7
6670098e42dad4e6a00149e4,86967.28402341098,35692.69255299361,5
66700d94b55e0f9fb80366a1,166397.08604118729,29721.41399115934,9
66702cbb0538eeccbb09a089,226232.4954974297,58152.24930930644,12
667043a29177b557f70373db,157460.36273942832,25688.08224922275,7
66704df2499992ce6e04b1c3,178785.40038243998,34285.06966439366,12
66705195364f78acb2095514,187828.64505815232,46901.8279367903,8
66705ed2d66708662d0c904d,187372.74555651477,38697.84926220047,5
66707bf419ee36aa83020017,162656.36222662573,39561.656931172714,5
66707bf619ee36aa8302001b,254965.13710585152,54358.75704004142,10
667140ead1c3314588046e3a,53209.80647454206,22142.346546942594,2
6671511f0accfe75e606bd08,94142.0355986503,29578.713339756378,5
667152db93c4b0c5b20f8ce6,340402.9009596633,85967.74449458561,5
667153a193c4b0c5b20f8ce8,114171.40679966398,22949.620754534848,5
66717dd1addd390bd5018a96,131026.82856200538,12959.839332388221,10
667189cff1ac02907d0ac348,177872.12990380297,50050.47553088807,7
66718a1aaddd390bd5018b29,139923.4883623853,28994.935640299496,9
6671906dc6cc613223005073,101188.86905323045,18994.61974719955,11
6671972b0893bf4a6d098a32,129196.7612158009,24579.437522328775,4
6671ad3bdd1280316e0fcd69,119001.48008160564,29523.15584229895,7
6671b37632ba9311eb0ad1ec,57373.593801421826,15954.396173986495,5
667205750719ee11f107e141,102141.57967006137,24156.94832498151,7
6672906dcf3c058d890b5b6c,150500.3221239114,47465.29558258554,8
66729f940ec692cba8029db4,207755.3323685379,21867.349989259958,9
6672a4c20ec692cba8029e8a,83628.19570157249,17067.3146082747,9
6672aae37a4f3ae3c408f3c4,135312.7188612939,32527.447231546135,9
6672b2f713b75cad1d07d89e,88765.34957882203,24203.660166780217,13
6672c0f825f3c3735301c275,107491.4478189621,14209.99117079238,8
6672cedbaff24a9d220c9e32,206649.56387936365,36939.47664381321,2
6672e86c621a03ba1f04c100,151787.46060235234,45600.593728037216,8
6672e8c858b294aed406d2e3,112789.56829410125,29443.71582954973,10
6672eb21621a03ba1f04c181,574853.5612238827,54903.421605588686,16
6672f68225e3c452fc0a94e8,106804.02549375844,16128.126568693891,6
66730fe22881139b470dc4db,234511.54191310983,66916.26794467916,10
667321714341d33f2d02ae83,168740.87613819414,34833.88699013923,13
66733189245cf7a7d60b5863,240810.09815891975,45547.37413382356,11
66733ca4924d27f244078003,102999.5304130582,15606.353828169662,7
6673f65c70af4621350c5e86,287583.49396822695,46808.537492095435,9
6673f66e70af4621350c5e95,130082.34470649801,18783.79515486162,7
6673fda876a4ab06f5036cb5,114364.80021606732,60119.11132571156,4
6674123c81850d89120d3df4,137305.3398907088,45823.62894604006,9
6674427d84ac9354270e3674,66271.04602787772,10202.272608575628,4
6674775d9528bdd4a3091ea4,124864.61925485214,53867.835895446486,5
6675284389db0e6a1b043de4,147630.9453561028,45565.550815557064,12
66753720061bdf4a4705a36d,157647.8940067812,44761.55098563527,11
667572079487af9a420249cd,228032.2587621492,62926.30849437875,9
66758a7027bd8091bb0b28b3,155846.45932196442,37763.64177713793,10
6675a7a34a23238b90017423,161172.96382051476,68836.99601609318,3
6675fedfcc3e1ed6d30d4ed5,121089.96505707281,31525.473492204932,8
6675fee3cc3e1ed6d30d4edf,100213.87054224056,35068.52778513527,6
66767f2c7bf4a69791025286,115739.50116169681,35243.27138428037,14
6676958996b53becce02a8cb,96121.98427769564,12898.05146237062,6
6676aafad3db76ed060680c3,93300.1563162329,25222.656094552418,4
6676c12555ff4d32090aa7d3,200116.4122547596,36268.51881301383,6
6676f1a022b9858a79051f33,116912.73703281995,20164.05595135478,6
66782d64204f7c1a97045ba6,114450.92141311752,35185.37791646381,4
6678ba85cd5774ba230e2ce9,278454.9469172159,58693.02873667089,11
667941ed022a67e2d30fde07,168426.6197674451,41968.77583438398,12
667949d2eee1b5d5e50b9c9d,46058.455211970875,2390.3066897204276,3
667972a2c87362017801b86b,111900.69256783155,16123.025165377332,4
667974dfc87362017801b8c7,116724.69822322926,22501.60157639876,8
66798f00ee5e4431bb04e644,174464.14036160833,30073.42018717991,7
66799bd95a6adda0aa0c4adc,195027.7666168166,27023.38422342238,6
6679e4d16669fa41560cdf8d,122580.4214917338,22633.052004358466,14
6679f41ca15788309407f539,148055.94849701424,165.37029092053126,2
667a537cebe1467b830a63a3,177363.14594695804,44281.202286492255,15
667a78360351f845ca082ca4,75520.77163030635,39362.68819498164,17
667aa95e2c363c90450132b3,71998.28848308336,26566.983750018044,5
667acd08630c80cf940d2953,118580.63523032372,36524.75023931771,6
667ae1dac6adb6faa60ddadc,186637.95981738018,73604.75245828988,7
667af94d7b6456d8310cb550,106660.76830108467,13710.902766764293,7
667b282a0a34025fd70ad7e9,80612.65893545163,0.0,1
667b282b0a34025fd70ad7ec,80612.65893545163,0.0,1
667b4d93fedb1805500ef259,660681.7304808963,100967.87355410377,21
667b4dc5fedb1805500ef2af,130001.66067610796,44943.38825554033,11
667bcbcaffdccd168a06dfa9,101994.67036585613,15368.366219281826,15
667c22817a762d8be403c163,95210.08076017284,11775.96657202052,3
667c2b0e7677241c78063313,131035.23514026108,24900.792264508687,12
667c733d5bef189ecf07dfe3,94393.7630984416,6083.147042001176,3
667cd33f8b21a8726a035967,215861.0086874292,43261.64858084889,8
667d130e5adfd5a411073803,92141.53273582073,25115.17291775858,8
667d22926a3ad6f39e00a064,83964.52736828136,22104.293922629688,5
667d24bb19f4be2c61069d73,143280.75528674832,46839.15719381032,11
667d36c83bba45de7c05ac64,170039.89619331755,31574.771674975826,10
667d40368e36fe54690b9155,89495.02598724162,23482.69260191709,5
667d45372d4a642d1e083305,154669.26285484177,55143.464002718865,7
667d538247327b54300145a9,131192.18415266118,30508.57543826201,7
667d5ad983a1c3c0f80e5549,95436.00870423982,26696.38699898608,7
667d62cd52b52bf23f080deb,148978.18892043817,39773.620314287065,8
667d62f93e52faa30f046415,72349.18179484883,20690.410933711417,3
667d62fd3e52faa30f046418,112771.22984879185,28009.441036810935,8
667d631f3e52faa30f046422,114563.76856749131,20623.502652346557,6
667d63b16232cd84ed062e85,185692.68980714516,47453.12014920295,6
667d63d66232cd84ed062e8b,171088.40361744267,38348.24016435496,12
667d640a3e52faa30f04648c,113528.42333681874,16230.477273678342,5
667d641e6232cd84ed062e9e,206901.29382041094,43326.80432219828,15
667d64406232cd84ed062eab,99020.3665555395,28903.845084928285,5
667d64416232cd84ed062eae,306442.76834194857,74735.80931809676,6
667d644e83a1c3c0f80e5617,237958.04064844587,37132.51529719477,7
667d644f83a1c3c0f80e561a,172586.95813710324,34580.420134951295,12
667d64576232cd84ed062eb3,123631.48432020386,18534.30810288423,5
667d64586232cd84ed062eb6,174011.12451148624,36274.16481694568,3
667d645e52b52bf23f080e62,130260.1477340589,14788.888650787952,3
667d646052b52bf23f080e69,167231.27994977866,46665.04344705503,20
667d647083a1c3c0f80e5630,107970.93367380899,29538.352331565206,6
667d647283a1c3c0f80e5639,155240.40961893258,40568.25772520226,11
667d647683a1c3c0f80e5641,164223.66819989023,31697.860425628158,5
667d67323ba63434910fa954,125767.37036590585,41718.911398788696,7
667d6e8ca70cf9081e0b49a4,180876.3545116334,27410.864110620227,12
667d71d1edbbbc22040439fa,143314.3146385982,20441.949058063277,6
667d71f964a9b419b0049f62,317892.52439060877,55007.00073207632,10
667d7233edbbbc2204043a19,130333.51919659466,12037.108569615326,4
667d7259edbbbc2204043a23,195868.12172664684,41347.52560061276,15
667d729064a9b419b0049f81,121633.73185276147,12484.491425250817,7
667d739664a9b419b0049fd3,136167.80740369234,20161.887593135874,13
667d749626a44de3d90f2b13,81428.48374839792,34662.808196887,8
667d7507edbbbc2204043aa8,161314.62478886024,36149.62598684596,6
667d76be64a9b419b004a046,119145.1784579844,13772.19477403528,7
667d7726edbbbc2204043ae8,63494.93262424093,16714.222746056363,6
667d7776ad9c4880c30510d5,77850.15699083402,9154.875086995698,6
667d778e64a9b419b004a07e,97807.90643731799,20608.891098476317,7
667d779164a9b419b004a082,208293.4004433486,45283.428606820205,13
667d779464a9b419b004a088,90390.12101413068,22325.46721359935,11
667d7d1a14dfbe738c0ab153,182496.81362722488,44174.736291026675,11
667d7ec0acd0fd86190418b3,192380.64938588237,34822.620832097586,15
667d82a81dbf030f1502ecce,215156.36165010545,32058.615833550593,6
667d83121dbf030f1502ecdf,215734.24079215914,46836.26853475689,5
667d84e81dbf030f1502ed26,149798.1996733137,51178.05260974547,7
667d8d19b0895d20f609a8e4,212504.0125421315,67280.18014397618,6
667d8dc09a4b4153820ba7c7,148305.10999718768,51041.75717775121,5
667d8ef47011d9ec9a035cc3,64079.76044252394,26942.51077768179,13
667d8eff7011d9ec9a035cc6,180134.42053519285,45411.401760546585,12
667d93573d5b71b56902f213,52985.69249374439,15563.686020660436,5
667d93a17011d9ec9a035d41,123239.95756228841,21175.321547676234,16
667d9ae8a5a0db7dc204ebd3,194808.32366248267,46423.06818420956,7
667d9c757a2d2c2290041839,192482.77956900568,35970.465937349465,15
667d9c87676ea79a4b0626e3,109152.74672525958,26439.706606675583,6
667d9cf74e3c3601bd03d586,193824.51093600868,29627.6556135921,8
667d9ec77a2d2c2290041898,219045.57385969712,56615.335528061594,5
667d9eca7a2d2c229004189e,131702.29289021122,37870.04302795466,6
667d9efc4e3c3601bd03d5b5,129614.18578351801,38536.720974107004,10
667da43ba0f7a8fc7f0d2473,83712.02267767682,36488.87770741658,7
667da469172ded3dee09fb73,122254.27820469081,33953.501535644136,8
667da9ca3805809ce30a70a3,239935.22273600334,67556.99867531299,10
667daae49d0940e4cd033e3b,180246.42328697097,45558.26948907544,6
667daaea9d0940e4cd033e41,380556.7968626316,50189.4685838808,10
667dbab6e868bf581d06930f,196112.8244169646,64345.110338412545,17
667dcbaa24756b42100bae13,150976.12184008252,15664.516028129437,4
667dcd2706770f1ff8069b23,129855.28988374151,20056.60285849904,13
667de8475a28533b7b01ccd8,151416.23469611033,37975.419505089456,12
667de8485a28533b7b01ccdd,135716.73213301535,29986.988894061866,9
667de8485a28533b7b01cce0,82351.1950598993,14323.56651135203,11
667e009fc9d8ba35ea0870ba,197992.9981063947,85167.21395377723,8
5a93e6bdadb1141fb074e227,69676.6423991663,3693.5661485245,2
5c65a94a27317158c778332b,92590.46541095656,14891.78902784889,5
5d6d405027317152745566cf,145211.73836260822,37709.88778448671,4
5e108e4c0c7cde634c72bf4c,120502.52092195247,10090.504820395174,2
5e16f896273171619f251e7b,122056.11184794379,22504.377977437493,5
5e16fc24273171619f251f3b,161917.511146902,8734.106092886403,2
61692b3dda356e686c63e7f5,92649.09264580089,17499.504101336814,3
61c9b2fc01c4887e914d7bc3,124643.02853064754,27218.515831080826,4
62601e9941ee1f20172b5f52,139955.19809736527,30465.375097775526,3
62c43b83eaff7c4a870bd6d4,114772.33238235321,19337.453054522954,3
62f3a4b172196bf19e0251be,124880.0691026513,47769.76801646669,8
6302437d27d1bab8bc08fa99,84293.00267179705,10015.510828938575,3
631a3525f02a62c92502e802,251396.7744154752,30217.431721263187,3
6331b564d18f70b9f104215c,133933.7919387672,29340.958080702676,3
633d8d8bdf4bcf20470e3026,62796.47491548286,27368.91892990649,3
635256e8f39800a4960d91b0,94259.30726721388,20667.122087030235,3
63849c09ec5e7ca67b06426b,138788.57768764714,37180.13208130319,3
638a0a34c56f287ede02e448,166389.16335073145,37836.63679902793,6
63a86d092a098ab8190171c1,169461.04865478902,25229.564255477108,7
63d0f6e0cf0f00273700615a,323680.9470775126,52121.3926544793,10
63d2490a8100bc0e86045875,117728.18853434263,13073.162918608861,3
63e0c61870cec74a9b08ce56,69839.83071233655,9169.12430834159,2
63ee4d4ad2239f02c00f80ce,132040.65595385781,17881.918369455412,6
63ef38ab11aa0923000028ab,262992.95075327106,53836.00959411789,12
63f0ce046a9caa210103add9,121371.21653996821,14240.611012843594,4
63fc6a2a8f04daac6e068405,118066.55810584663,32772.43061850328,4
63fd3ec1ebbe0614190b893b,119784.89112996547,16316.198646733448,4
640c69c17ec306ebe20e7fd8,102098.56897667325,17742.740120012815,6
641b19fcefe74bf249011627,118505.67507351784,18829.900867602595,3
643a3ba16071324c3307ea6c,298642.9660838233,74381.40296275313,10
64414a2cdf76eaf5ff0cfd23,157452.34195084622,66646.84535305503,7
6442727561d44ba8d20092e4,185455.7000474237,56269.00959597975,8
6446e453e376e72c250379c0,88888.50890525382,16376.64077392162,6
644a33016d863837460b5ba9,159665.05699169135,38697.09566058265,2
644abb06dc8ccef6c1020361,361919.80130139977,24789.654364205024,2
644abb07dc8ccef6c1020364,358754.7166912784,71328.17402954382,4
64525cd386fea633c00dbd20,188381.0892075318,31344.804489560687,2
6453845fec782113a208e8de,128198.13887108178,4502.565481747122,2
64538c482812cd3535034d2e,150116.87482971203,23489.037362792,4
645985355fe98f18240123ce,212958.5425444979,0.0,1
645a8ea6fb61435e630bb8dc,85690.66261410488,28206.046323610735,5
646cb32e7b05299a9804f6ef,208594.2596841277,34605.55694159191,4
6475cab0e024ae9c6d0107c2,82669.72312187926,0.0,1
64798f386ce14de8ab010198,195675.9328984648,0.0,1
6489cd25624505f3fe002e99,92000.27959320744,1278.5861217504935,2
648b268857bff0b7cc0fdaf4,125046.4484028698,27001.92599943609,4
649ec54988712831530fa668,117023.54482541559,28116.5578582829,5
64a99d5704bd6bc71f089e2a,126353.55516123369,34001.72101426123,4
64b16f6128266d1f4200a236,99138.77210655792,19107.426855963073,2
64b51759038bd201080a5729,80031.34525059485,0.0,1
64ba9218756a5f387e09de51,82108.1544707243,7172.219267092555,4
64cb9c36f5b5d4fa6406c78f,143140.9429855357,31502.57543821437,3
64d0f1a6c8359f54060c340c,104897.67732792842,16313.975168808909,8
64d2dc2d4998a799cd09aa21,158990.63920034876,28292.136311976752,9
64d4e4357946d788630a3417,178152.93834591823,26116.64875640597,4
64d651bc4c6edea1d506824a,120103.2298724566,0.0,1
64dc79dbcf0b40c1d701cf20,101801.01807918769,0.0,1
64de29ab3628167cc00b028e,124652.1841390102,4181.862930026509,2
64e48c385c7a7325670f7535,510532.2096827794,92084.62039005989,5
650cb39cc80a48abf3092537,568022.5980637219,104227.71662457143,6
651d5660f5cccedcb70e9476,361718.3879706041,37176.046275366236,4
6524260b327129695c0f6f4a,192291.7558609941,4929.296013920743,3
65244482946f03ead40e100a,82003.69254494859,19693.936926129172,6
65282ce0f98898e65203619e,97605.0795277336,31998.506489102285,4
652a45f2999aa4507e01980c,61886.251396498585,8851.870338264765,2
652a4f18c7765a86ff00e209,53034.38105823382,0.0,1
652a501f391d27b3b60a055b,61886.251396498585,8851.870338264765,2
6532b414d6732b65dc05dc8e,255105.94616004443,63576.82917085107,5
653389ad8dd24325b1088dc1,68891.87949259306,2259.5436402550768,2
6533b50e4d06ef781c0564c7,102690.71639863634,10005.510259737668,2
653665267c8b7bdf1600fe0b,54353.22808853054,0.0,1
653a67daaa712a1ce80c709b,118681.87547527585,19095.555919951352,3
653b82f37b2db68c9402f58a,87810.6326181487,12956.010230257694,3
653e595781cc27ba17071ed3,101715.06747865882,27081.04519944743,6
65425415abc5d379e90ad210,239849.6426915814,58877.95868293203,8
6543967776591e86e70baff4,85488.10690502462,22215.541449853736,3
6548cb705ccb6bd873073d33,61250.22441973857,20298.32660516387,7
654a38870b545c2f800c9bac,101555.20367693505,38273.88767387179,3
654b4535d9b112ce930994cb,120441.09283478063,51382.024479897416,3
654b796c70b62266b90d9e0e,39087.219340043,15438.083750503198,9
654f64e650258a34150ebc5e,98302.15770022644,0.0,1
654fb6f36acdbfb59b060312,78790.81941025781,18140.547295677396,3
654fd33409daf5aa8b0c1bd4,92671.51542000395,6425.977885611,3
654fd33509daf5aa8b0c1bd7,121923.69555980765,32322.363280872178,3
6554cb6290bb04d7290533a1,130080.39151670782,0.0,1
655777554b7e136566074d55,260006.23155851918,56413.188882537805,10
65579d8ce6a271ab690e73d8,146760.4910948436,43242.15332945226,4
655c7640530846de910a5c2f,151336.62431092618,37381.157156895366,2
655e4853a1dcf42d680bc48e,131611.04045803193,32422.31723761834,3
655e725400123dc04602cfad,127025.51879960795,13148.56786776511,6
65631304a7533cce17020617,141421.2146573578,0.0,1
65672d35973567775f04da1a,352264.4798212005,37633.07990692394,8
656890c17eb8cd4bf00b5a3e,285209.90969945904,49131.24334999832,3
65689cfd7eb8cd4bf00b5b87,83605.6187591409,10783.4395780104,5
65689d477eb8cd4bf00b5b9e,169226.35415220592,19803.6674898954,5
65689d4b7eb8cd4bf00b5ba2,124833.53384248659,0.0,1
6569e3405239983eb4016c53,101409.01945628032,20736.16817529296,3
65703c4bc1eb96b03602f654,153645.1077189674,17744.759497380513,4
65705c751b3b4682ea0cdba5,130470.19275022244,17748.002966398573,9
6571e062ca7257263a0c41b8,72137.49058215253,2648.3179921468254,2
6576062d6ea89e75df005258,134963.86869298693,9272.675467184248,4
657b04d7eac2f2fd3d01e35e,103335.88815930036,21956.68875515199,6
65805a06a63e2d24760e2ce9,115273.46141911192,23048.68743977486,7
65859be223db87aa6f036ff3,58452.80994305054,0.0,1
65859e7deaefe7a2fe09d80e,225815.2602258014,48652.099288946134,5
65859efbeaefe7a2fe09d823,172052.15905562986,26837.70763079896,6
658b259cc9eacc56400d23f0,247820.81355224532,28661.617300970298,5
658c419dd58711b90e0ff3ed,107797.81598907319,22118.69551023857,4
658c5dac8766a74a320a71aa,243862.81345799903,0.0,1
659000ccadcba0f36507531d,221548.6313454643,37702.87848306608,5
65902b1c301c2b5cb7070fe9,98574.66247703994,0.0,1
659169f3c0516ee8480e8dcd,97025.66652577466,26824.450072413103,8
6597e6f77aa56ec2260ba089,262839.5718614933,47179.527695315934,4
659810cecbc610a62400c494,147411.0233226297,0.0,1
659c21b65fff0de71c09b836,82095.13316105297,23431.650921082477,5
659d9ab89f61af28880cd35e,376454.96527093835,10654.693419242947,4
659e743510ba27aaf00f4c0c,198347.8493529686,9366.757253896765,2
659eb6e60f208a4649090d50,172764.57935631165,52644.522339179886,8
65a258d744acdd43e5067968,80769.77003651738,12084.44138786885,5
65a8382e60ef9f4940068f0e,92517.66630314951,0.0,1
65aa66b575f4022fe2029a97,102237.56670959273,12446.829473166354,4
65aa73da1382e2a4f8073c6b,255109.34143553665,34749.66162870456,4
65aaa638e4e0be72d103c3e3,124947.99116382227,19005.768782174462,5
65ac19ccec684ac893096558,240488.32704396071,62811.0485357994,23
65acdce2185f0eadf6014e82,108180.69053111131,17239.764117677238,4
65af7e3eeb6c0b61530981dd,193450.94086552472,3230.527903277816,3
65affeb02f9f3d843d0fa604,151079.64378517738,46083.41296950077,8
65b228d0a1727603a4037051,158967.53073448193,21380.518640870032,7
65b4ad48156c157f3d07eb31,96695.84287190561,8232.526219662488,3
65b686fb5da436857b0f1178,131591.92297389207,27167.02577529505,9
65b78bd69111f8efc5023565,114847.97168750444,22306.62094120886,3
65b794349367a140f80a6413,112477.96827285236,5214.919052607183,2
65b7a89ec1d3f08e5d0a7078,115269.46534488241,27397.156807075782,3
65b7aa17c1d3f08e5d0a70c0,76973.68263767965,29620.22673914452,2
65b7b123cbedc91b140e1bba,157559.7288995168,27895.71715590506,6
65b7b80dcbedc91b140e1d19,119431.04610013877,31579.68133157007,4
65b7e94250c4f14446018910,267926.57790789317,33257.28909090245,3
65b7e95650c4f14446018924,162564.14915050878,24934.68099443765,4
65b7e9cc50c4f14446018963,182052.485369831,23660.49298606857,4
65b80387ff7990aedb0fa616,89712.90641194499,40087.614593845785,4
65b8e368bc44835f8609c2eb,123840.62414196525,43992.86286375344,6
65ba46f219a9decc160f5b1b,106909.97289465262,0.0,1
65bb8c6bd9669cf80405df11,103502.6646654638,23860.580753892293,4
65bd35bea0e37c913c01aab0,121598.34568558044,1283.7958713309436,3
65c3bd6823c207ef7304da3b,388108.25881505874,24331.331657196733,4
65c6130abd6aa6459a0e2a53,105708.57159382263,16228.172093781295,5
65cba60d89d8067554003814,84953.25608446583,65588.59991725002,4
65cbdc459af10d66a70dbbb2,126345.00988305236,41637.08132049402,12
65cc6e8a5adf6cb331092a4a,182588.26826635972,90300.04808842546,7
65cc932af63c696b5e068597,274944.2527927676,67089.67228268008,6
65cf4613a6366b6d370b7571,78279.1704936591,29303.628605684942,2
65d360adc31860f5090509fd,112794.62614261519,23211.277561660034,8
65d6231ade851fb4610097f1,315827.83431627305,101536.988507236,5
65d74ab2223a8c4ca10f7095,58541.18315016753,8574.513613775795,2
65d88a8e7b3c3518e70cc4cf,539525.6288117967,51161.586476950666,8
65d89050392121406e0c92d5,81035.0843218988,18242.09807993955,7
65d8c27ac71b947dd80458d0,152731.26592838517,20331.139923171304,6
65dde100e54413b64e063204,229705.07429240883,79358.77132802182,5
65de010710be674a900d0a06,127230.33693780238,8443.427104316303,2
65defed63341996a90023a9d,332739.82431802514,44836.69300574804,4
65df2ff3a18424eed50f7f13,171663.167516138,32540.65426958832,4
65df3305a18424eed50f7fe4,81438.54334186687,25477.754785466543,8
65df3e32421726de5501b85d,257151.1739978421,16592.972717837685,3
65df5a3a67ea653c23020dfa,459676.4358890529,101720.61595278881,4
65df6948c94edaaf630088b4,84168.24949262815,26428.50493301087,5
65df6ca7155b837898058198,208121.62879672166,46913.27129746901,2
65df76c2155b8378980582a5,232963.62498403265,46474.284547976196,8
65df7c77af2c545664021d40,183292.58292780578,45742.72088252973,11
65df8406af2c545664021daa,277163.8887989147,51376.4031768547,7
65df84b7af2c545664021dcd,98935.15400432232,11690.019218163847,3
65dfc34523f7720a810e0fdc,136254.72300017954,36487.632525452165,6
65e1da387e248583850323aa,316309.88930487016,27762.801083946393,2
65e3274925a7227db00bddd1,133960.020112065,39685.52899524796,7
65e4e51b021aa0b8fc09a8e5,95951.61543423177,19269.064969665003,3
65e5a330322817144e0d3bb8,87118.58304442649,14870.04160605999,2
65e5abcb7b556e3bc60bc497,189419.65944418695,43934.67477154354,6
65e76e8e67816263060964ae,102887.65776292451,19545.938735413925,4
65eb1f53f80d80961f00ae39,190160.1181039183,26934.152829149283,4
65ef2c5ce1332c257300c8da,449296.95733299834,71692.20770471836,4
65f1c0ec2240b159840da4e0,124732.95875884296,2802.3699806998075,3
65f34b7e1cbb2b76130a32d1,134714.3084845572,21284.48971690757,2
65f424850151cb8ebb049fd6,200669.04110795617,36800.36315331117,14
65f47a3226b06416e70d2ee6,125706.60036635146,43874.0163155928,9
65f840e3a0acd1f60f064ef0,94385.43326294985,24175.272255803877,7
65f847efafee17adaf03218d,104926.84915823987,16956.887341392656,5
65f8927bdaa4aa3fda095237,191033.62172268506,43552.251572888956,9
65fb0d94c892c50dc60b0cd8,87964.66408452073,29191.337081450558,6
65fc86eac33e860a030a1d01,339814.0572758067,42817.9907519066,4
65fdcce852d2bdef7f0f0e91,144399.2735467389,27646.24050079567,2
65ff43946ed988688e042140,89747.98538235348,21897.421322479804,6
660177fc8b3caadc8801a9d6,126999.85155089159,35456.101782264195,4
66017b688b3caadc8801aa85,276362.84986579756,0.0,1
660180f246591ff28e0ba5e2,130032.07203515356,41296.38589811197,4
6601b19e7a2a97fa090589b5,268619.47706459503,0.0,1
660297f986321aa6d80d1ca0,120396.15118028854,45459.30902108361,13
6602e8b8069cf1ccd600a13c,176119.90866772173,53471.772905811624,5
66031e6e0fd68a60b606029a,269208.1206474847,24304.822299436073,9
6604381ee01dd6670306dd7a,83487.72648057142,4381.817423018226,3
66046feb3da24345460c04c4,321061.63229417737,45610.353996977756,4
66069110e4278b3f5f0347f4,355755.97252849536,69107.63759268753,16
660692d444fb80d6820b27e2,174591.49225822047,64668.64310409462,6
6606a23c28924af0e80c91e2,279601.4860863091,15097.225275214034,2
6606a8fd28924af0e80c9302,242333.41420013914,61082.78164234676,5
6606a8ff28924af0e80c9305,102187.98118751173,32818.436837239824,5
6606b37e811f0c078c095b42,110608.46766053613,19551.698374348573,3
6606c1a99139675e0206545c,137937.3596492466,52940.864406831024,4
6606c1aa9139675e0206545f,191284.32609447345,61291.782075729,5
6606d1f816fa777f7900f8b3,264561.07646564674,43763.0882683039,10
6606d22716fa777f7900f8c5,143386.00092221145,14881.507090997824,2
6606d2a016fa777f7900f8e5,124340.76481191073,39443.19785331251,11
6606da161494014bb3022c19,191222.96039855166,20719.45437334672,4
6606da241494014bb3022c1f,142128.9944671644,0.0,1
6606edcf9ff1dc38fe0ee564,173796.5249178788,34646.528781917805,8
6606ee7487281e4c97050275,239210.20126127003,64741.16499272747,2
6606f5f374c510ed9501a20d,482122.4565473958,0.0,1
6606f5f474c510ed9501a212,482122.4565473958,0.0,1
66070a68e8691baf2a0183b2,252724.40323276687,19787.87183941433,3
66071319f526ab6b8b07b3aa,247083.0040264048,37628.332420488456,11
66074acec88a9f02ab0a3d1d,188195.08341374883,41981.4141236555,5
66097b92caf06c8da70b0aaa,86699.51587892466,6515.917069754309,2
660a84f6ed08bb59bc0e9d75,180941.26690081574,7051.020937988462,3
660c06ef7370e3cb81035cc2,342344.0356114199,31110.676436482063,4
660d2fd3a3ec4daae5041e04,80048.07374668037,19192.364135272557,6
660d3ff86a4be537ce0be74b,58159.32616506106,12384.218919940837,4
660d4a89d267d94fd303d1d5,110745.65977060457,0.0,1
660d9c2a6203f41c0c0e32cb,472010.36848583224,33120.284444887344,5
660ed203b5409ec01c0c9693,255484.66647442913,34616.500408449756,4
660eee3019b0b5cac10e8de5,162336.6760058125,48231.78902669359,9
660fd4bc44ad00eb4f0ade6d,81083.32168974097,12236.412575407714,3
660fed47a61d58f2a603db20,223047.37099262336,31560.614314290026,6
660fed49a61d58f2a603db24,195132.44350262734,23971.494233866717,5
66102ff5693e9206fe012b7f,414935.93901037565,23953.496004271834,7
66115aec1eef4f7069063a10,274340.42153856694,43840.376795362,11
6613df05ed7dc016c80a8613,101205.07923776621,47830.68280257939,5
66140ae8e8fc5ed8500f24c5,80015.77396596021,29307.21414574378,9
6614340164f5da7c0e0eb349,204850.55475058997,50816.47324147558,7
6616bb3f5ad298ac9301fea7,155339.77098569414,0.0,1
6617cedc9c554262e604cde3,99358.82057377855,28270.717075197834,6
6617d6e14cab0f0ec409da53,379255.8196706283,48351.134665869955,6
6617fc20f4c769815b083d66,159923.84413751512,39539.48699477029,5
6618008fcef02a659f03a3c5,354931.8932268928,18262.54446562188,4
661d519a9c6b487b930c931f,199647.1238979795,34853.028627807835,7
661e4f2e4c33270834001d8c,160864.67113773932,33884.938527082784,8
661e6dc6f120b1efb4063a44,54450.71255506634,10003.804990717565,3
661e7f28eb9f6c955e00ad49,112312.70832411152,10147.442939225104,2
661e8a18eb9f6c955e00ae9c,122929.94767702903,55713.13513159049,7
661ebfcf26072955ce060a29,195941.7948688462,7839.037395236823,3
661f98136f73db62280ddf24,164493.91119513757,0.0,1
661fae1904958e37ff06eebe,111145.45228127383,33502.26616312246,3
661fe5b09e1e44dd780b3d24,76368.39154537463,30340.46020200398,6
66200626a71f29109508cc18,168166.29912434303,51420.93047217057,4
662017b57e0a76bd0c00ce26,217258.67887718417,42938.7967012987,10
6620457b22c2c1e167085da3,107352.0528800977,27706.24811345874,3
6621039755e3852ebe03e5a4,81930.01401514986,25610.638697841405,3
66214c4b46f0c302ce05d458,142200.4870044152,31321.848746205702,6
662283011007ee3df50f79be,169645.64830918467,4245.203965547788,3
66229a024456548a9b0d2ceb,118916.3844146531,38741.28861054571,5
66229e7f4456548a9b0d2de4,348170.15243019455,45033.913385679945,2
6623a5f25c9464a7530daa44,159624.68315077343,34030.69416105467,3
66262fbf9b3f2803410cc9e3,354426.64312063874,54607.254166841274,6
66264510fa6918787d0757e1,562872.0554213461,78409.6744570424,7
66265723fc95598ab206a785,118524.38843374158,34253.56603983884,6
66267700c18264ad4e002256,95750.7191057616,8890.23433631863,3
6627b9314d16f420c00fa8cb,97087.00123652452,0.0,1
6627d257e2ed3c7112011893,137241.9554142429,31226.5343056484,5
6627f2e7d897fcb3300baf22,317687.4135089132,28388.270290057582,2
6627fa0f947d9c58ae0cb736,194280.14690179782,41867.402036738335,3
6628dca9d1c806bf44023524,234355.07681888266,57709.12514575105,5
66290ed2a0b4e548f70676aa,121792.68390689728,41192.93074553458,3
662aac8b9ca92b41b50d1e76,135345.83194072064,22618.050527188658,2
662b6e73ecc63e0aeb042c65,130659.4284227867,5704.111004468286,2
662bb5f66e4a24b70e0b3498,167073.21895407213,37679.20283915006,5
662df7a69a2b717ab6075004,140583.3724514469,23237.6744631767,2
662e168edb524e5a400b1049,140337.97460063573,53421.141391463265,6
662e189d6d12e707a703c304,76167.39264530082,26328.008170600817,6
662e191eeaa5a3a96d0c3853,78421.35649392524,8115.896556208263,5
662e292d72b024a2390dcb54,79983.16612507019,14620.885182569275,4
662e29dbf520eff46605a1e8,89512.31831632415,21054.189269706374,2
662e2a3a2bae17117e05c914,151573.97903274914,10916.68348881157,2
662e2c878aa994abe6015ac6,125011.8387234499,26796.274531826595,5
662e77edd0684a7f620786e6,127474.42781010205,29824.813572019037,6
662ea2f2e089b102090021f5,157653.43221023004,46834.000938634425,10
662f846f68adfaad330e08c4,152142.05694974924,31960.73991251211,8
662fa427a577bb493f0f4606,146936.682787081,66218.13279814225,4
6630e6034feeaccc810b0098,68069.94914379262,19862.072368517805,8
6630ecc3277839f2080413a2,273470.4891627338,20185.0503403279,2
663a4c3534090d241705cffd,100797.85847083938,21258.171805517813,3
663a5b367e3dba804a029545,166852.65695538328,36132.35900051111,12
663a8d0d89af2b0d310f7073,166504.431360076,32632.747343249317,10
663b2bcb3bce54177f076417,138258.58088691745,22786.30244410924,3
663b52fd68306c302403f574,147154.3510944851,59974.86151614165,4
663bb820def080f892002492,57589.49687354381,6020.390178892143,3
663bffa1ead6b89cc50b80b7,96951.65127101449,23723.541901831788,3
663c9f19dc11e5f2ef061927,160243.61833851694,38604.35745529876,7
663ccf9d1c142f99740b1bd0,147794.71707764617,19031.267245991585,2
663cf62a9bdb2baa880e0465,269703.1098684315,69659.79007437335,7
663d04a73070f4381200a5ce,242367.3940743715,13412.21316105347,2
663d34a2a2e75b518e0e0c7c,114414.38214425692,26189.390144432004,5
663d5f54af16c024540501da,292255.36717811064,20564.68709030502,4
663e22f1fdb9c20aad05a799,157590.54009149183,34000.11813704633,2
663f360fee5b009af70d1354,213541.60519175555,55514.40417482863,6
66410b7258ba9d1d5c013303,118919.5185210848,38293.68809590376,10
6641ec6a704526130c0e7e46,109520.15600785604,3510.1587965143626,2
6643560185592ed44a0cfc19,218592.60646836727,54030.975069782224,4
66435a73d5c999e508054cf3,105434.78291063302,18754.461957795404,3
66439df7266ce1ea3f0ae498,103896.94311062465,30319.823903421075,4
66446dbd4f28f1b5c10bc0c1,222334.66917044745,60725.644094408046,11
6644ff15223e3014840009c4,134385.3749501728,18195.651514545574,5
66452647af7889e2ae03fb02,122453.25759680824,28355.764804921826,2
6645cc9b3fecb3483e0ed699,334283.19570434076,51636.634084779784,14
6645cc9c3fecb3483e0ed69c,293788.1938927484,58527.5348942707,14
6645cc9d3fecb3483e0ed69f,433252.3166969641,13112.60480433247,5
6645e95d8981a32a1f01cd80,101198.56842751903,47409.956610063884,2
6645e95e8981a32a1f01cd86,164437.4945790917,18932.744306723675,2
6645f1dfdf69ac99f3060344,111831.40801385879,31257.63365872445,5
66463432709e0a919b077f09,228912.6881334479,53306.948226215936,3
664646eddffb11b9b5080bf3,140240.7802356052,43814.675815445065,2
66464ff7eaf7b21cba04b4e9,143312.1626504148,20505.968093096748,4
66471278cda10be47f084d35,50942.85747532679,10813.790380326442,4
66474c8855a1cb58b6054eb8,122129.93623145465,32043.6224125966,3
664751e4809d73ed860632a3,98093.95832538053,11429.601930647803,4
66475aed5a0ba2cd6a068be3,180357.7624639332,34752.59704164824,8
6647cfb302eb058f6803ad18,85571.75352975946,15713.345720328287,6
6647cfb402eb058f6803ad1b,72134.57817025506,22688.00261249557,2
6647deb6e07b20ae3a072248,90418.51564084615,21066.04972091962,3
6647df09e07b20ae3a072254,48835.85024261485,19589.31707185265,4
664afc0d60b5469688073cda,175374.59005985933,27438.33320112513,6
664b232a00606c0e4c01aabb,208237.85977793895,56281.516644910545,6
664b2a6185d5e0ac0e057134,270348.1691407567,19158.76675868004,3
664ba609d3967da4f90e98d6,104899.50385732928,45722.70892203036,7
664c72e54128a47c36089f96,166140.17329212948,23623.516567357474,4
664c7d3e8a57f692be025158,196650.15332754806,55936.16274024915,4
664cbabc12c03b9f9503c019,200993.16031151137,27409.18983617158,13
664cc0c012c03b9f9503c0fb,478493.85448666726,133586.62858022732,3
664cc0c412c03b9f9503c0fe,478493.85448666726,133586.62858022732,3
664cda3ac456dd89130a34d0,292103.86529325676,47805.03838900642,3
664ce3de233ebc19e9086673,99084.5018207448,34071.83331053863,8
664dc45712c2f3083d02ca5a,139501.111438739,16679.260245818463,4
664df85dff9df03b930bda18,134805.02529740595,2645.802656684682,2
664f0775c48aee6fdd0106e3,82731.75019095372,26138.839473500848,4
664f0f497985e801850c69ad,55109.791885500235,22378.20162755066,10
664f5c7eb9ec4b90f202fb6a,291039.7846648256,50580.707657265644,7
664f878354759edfb40b5067,266445.7221378681,51431.946154656165,2
664f878854759edfb40b5074,252016.75137844562,43790.800164472574,3
664f878f54759edfb40b507a,344090.77034348587,30303.83347518014,5
66503e02482d40b8ee00a624,127387.80610701177,30790.122410970438,8
66508c27f42713e713049f38,412377.1142539737,53535.10767682894,10
6650c0944c9a6aa4ee06a145,217116.11853913084,38340.63680324258,2
6651a18e12d910b9b40889a3,330222.7584596156,59921.88093787295,7
6651c27a1855b2e4a9047bfb,156022.22138876608,6944.591338369428,2
6651cf615998b2c2b30234bb,172915.45928518477,34464.644878722866,7
66531f314269ecd4d90afde3,164144.99925369452,51375.74108038818,11
66548b0cbe1ea670830529e6,182353.09970590964,40660.51262803148,14
66549481be1ea67083052b44,125329.39178299825,16533.10998115058,4
66549504be1ea67083052b5e,80621.69456126372,1287.5316088805776,2
6654a6d2407c687b4905ce57,102315.49703957792,53256.84107034645,2
66558e3f73f945d7220c2946,101339.8426801972,12481.416528660106,3
665592b916021e0c020c3594,348994.9060683627,36276.491430042115,13
66559370b36968b6020a92ef,113860.9505295015,6256.773021373316,2
665598ac1c92cc665c06d375,152394.68847835634,39857.51929493302,2
6655a7a34ec50b0e2b096c48,104566.4148223971,2760.074878149028,3
6655af22b3f630f183097689,167211.17372027633,0.0,1
6655af5240c2ec1cc10d5894,64354.674337002536,0.0,1
6655b055b3f630f1830976aa,132777.9401487282,43358.33426751252,5
6655b21cad0526de8e04322e,132391.56441824656,3866.1055728937936,2
6655b21dad0526de8e043231,99745.32876667964,14481.436380802896,3
6655b4b6ad0526de8e0432a9,120095.01948181928,33418.6117820348,5
6655b641ad0526de8e0432fc,150583.30315313372,54117.74954884346,7
6655bbf5ad0526de8e0433bb,116758.9305246241,17643.071828225915,4
6655c3e810b7816e840859e3,103783.44588281083,30564.988442618665,8
6655c96852f60016940453d4,270549.7772539916,16485.95632257043,3
6655c96952f60016940453d7,305291.91650315654,55247.76606164353,4
6655c96a52f60016940453da,305291.91650315654,55247.76606164353,4
6655cac152f6001694045410,180075.7475705086,44531.36640866826,4
6655cc8752f6001694045448,204605.71258615947,51966.64043830026,8
6655cc8a52f600169404544b,131682.85252784472,8589.639733846368,4
6655cd1b489b4fa9640cb258,113255.33642175129,27494.47333618178,7
6655ce3f52f6001694045479,179129.37241784917,66886.49716248979,4
6655cf7b52f60016940454c6,63055.981072707036,11736.362750071872,7
6655d07a52f60016940454f4,104296.50749013253,14870.975358996897,4
6655d0ea52f6001694045500,173543.97763202913,29100.41594473431,5
6655d0ec52f6001694045503,129564.27451888967,7770.4970385349225,3
6655d11a52f6001694045516,189222.6139379912,47547.43703497767,13
6655d2e9e3a74378180062ef,110760.70417241048,31115.496986755854,6
6655d65c79ec9d19670516a9,70244.5720438625,28061.745715710593,3
6655dfc5e3a743781800644e,184801.88405698887,34136.639560711745,11
6655e04bce9d51e3d40b396d,80337.48418871294,30727.055156474715,2
6655e7c1ce9d51e3d40b3a23,128031.79570404183,6630.932473860725,2
6655e7d7ce9d51e3d40b3a2a,186137.34709839625,29581.614020288296,12
6655e8fece9d51e3d40b3a4d,171208.47098292664,55429.319000145915,7
6655ea08ce9d51e3d40b3a67,135929.36105565756,22332.930679057452,5
6655ea09ce9d51e3d40b3a6a,90089.05875816585,11993.340227676328,3
6655ee5d1341f30aac081872,142049.29856517212,17319.853894474894,4
6655ee5e1341f30aac081875,103893.73263238149,14057.029379356563,3
6655ef991341f30aac0818b9,105358.27899938842,25732.638469278772,4
6655f3541341f30aac081956,238746.16149844386,59527.19187340075,4
6655fc7a815d9477f50db998,234704.66741947798,4734.761172442959,2
6655feeead9ee4a47a000ed4,100796.85623430483,31252.30283060666,11
66560548815d9477f50dba49,181443.45669520856,30906.455377411643,3
6656054a815d9477f50dba55,147505.34439762446,23236.3422816641,13
665605c5815d9477f50dba72,132204.80616073337,22126.300655736344,5
665611ad774b472e770beab0,107891.78187402611,34630.629703828636,4
66561749774b472e770beb21,168774.54018632966,37735.7489549775,6
6656174a774b472e770beb24,118753.89680022576,10502.199633013886,6
6656197e9b6d2fa25306ab53,115740.07629533156,0.0,1
66561ef29b6d2fa25306abd1,195647.35738215817,66173.18269238019,2
6656435fe51bc194040abfe6,143573.30955019867,49860.71012866554,5
665643aae51bc194040ac008,116847.61410149884,33855.68064522636,6
665651285f5d4ee660025655,177020.1135497232,36895.04955620457,7
665651295f5d4ee660025658,162056.91489241924,28033.446177492817,4
665655245f5d4ee660025663,65682.24668810838,15823.83951381504,12
665656d35f5d4ee6600256a4,158294.5834198126,27777.269196964815,4
6656762fdce5bf9cd9099cf9,105092.68692701461,9636.323403390721,3
6656ffea2c9effa51602a5d3,116596.3984365999,12462.392340716237,2
665724d6567c6afcd30b0b12,126834.26723610543,33992.14486395055,7
66573669764890282403c3c3,249987.90629790392,39841.616670639014,4
665740b5764890282403c514,222773.8024887057,54943.1962014407,4
6657459b13221466e4003533,143514.24197623695,16760.670855147575,3
6657706689d78d7069009b64,341144.0460688436,55057.025322631314,5
6658569e9222be2c170d2e76,182549.95201384608,31555.96761562084,5
665871ac21bf0a716002eeaa,184520.35718222975,45775.47087468777,3
6658c030409367eada088614,53772.6619330882,18527.06863036264,4
6659c9f2fc3bc28f6e095d03,89724.55968580364,17423.838644870204,3
6659fc0a9a652c37e70f8cb6,118955.60230468023,15919.231808229351,3
665ab0690f12c6a12705eaf3,135676.9385814477,36659.90315249351,3
665ae61ad6909c0cf30303e3,104753.95197654999,5670.552994808801,2
665aeebd4f21895d0d00407d,87765.03102969719,15100.220282193064,7
665d976d96142e366301c1f6,176137.51933140247,14634.53585471982,6
665db1adc8ae78a8ea02e214,109498.72475915488,0.0,1
665dd7c7caa4826ab601ee05,69918.49380764173,1396.4408943396484,2
665df8fc06dc057346058332,142932.99421176687,60820.539504265456,2
665e58deae72dae34c0f440c,121755.67933918152,42116.04571821919,2
665ede723de50f48c60bee58,112347.5513280278,39232.558312258574,9
665f048d3ab9e160ec04992f,78789.93162194596,22983.74219442086,8
665f144b8a1aa9f1ee0043a5,169208.06412001356,35994.07902961882,2
66602c0b84def3e9c60d74e8,135238.20305192756,3668.608612419208,2
6660396cbacc9404d10bfb6d,251693.3950101791,39675.27644141138,11
666049660a43e61f97074241,221744.2837266,39833.48722578092,3
66605811a8df85ee1a0962e7,138740.36126335754,0.0,1
66607f4458c851ad150b1e96,153452.60807144427,44229.341564966664,7
6660a9efdeb2c2b69d0889d0,165910.95770059878,26069.95481351593,7
66616ee7cb1f3b1b45013d4a,138522.1030332474,31489.884044731607,5
66617413ab3ad64f150dfc67,104092.75754712353,16572.762152799784,4
666181840b794f8b180fef8c,137282.93078285217,27463.392257573716,7
6661a61512220acb150bbb23,247888.28406524294,91754.00585239727,10
6661b707b026db0a8509e6a8,69933.72413666794,0.0,1
6661bd49f464572128089f03,195290.84770525084,23097.168274986157,5
6661be1259807b2aa80161b5,138473.0877678396,26375.452090179955,6
6661c52e1219fef697024f76,152140.11663691365,29743.05934274092,2
6661d079620eb658f50de222,247000.68240261974,39829.991252275766,2
6661d6446a05e460480bca4e,189157.92165846936,45294.97393616963,4
6661fb803faf464db408fb80,431973.13388378074,57355.24517251988,7
6662434959e77c067d0836c3,104666.99711325,44780.01352944181,5
6662c25f4a7c767b5008cc12,175672.7406029842,13793.812017337315,2
6662d04f77e84818b10e4172,86248.33758502081,19790.230480281876,2
66630c0af51ba0050a0b63e4,136448.8370403778,24536.62794407622,3
66630f29dce0ac9167002fe3,142942.32188172822,19309.36713281792,3
66634cf5264587dddf0abad0,408952.92434474383,24257.45624979346,6
66644a253bde9cef410f6e78,513985.9770981935,56132.07665070206,4
6664797b920818c9040f0916,86767.63274843678,38964.92019238766,8
6664b8e415404eb1ad00aeb4,68660.5556605282,0.0,1
666574abcfc8e7b04609d075,187907.64300347315,31035.57974791768,11
6665fdab9c544cec5e0959d4,95416.0170842585,28741.854930465834,6
6666d2ed479f873a4c0c0d37,94553.59439325565,33718.96441503926,6
6666de3bbf8b9506880e4057,153208.69377207148,36468.97082497931,5
6666ecc5de1a599355072294,107407.14045474658,26388.54710249844,7
66672a298bb1fa031700c817,295067.8903928113,64497.25822026781,3
66672de791e97ea2e30d7c74,168803.5586254702,17381.750151831307,2
666744a98a28a0bed9077299,154506.2462714019,43750.13919051973,7
6667b6b8fdd48921a10a88ee,158266.45561819512,81231.64343851867,9
6667ecceb1871dae3e007873,128208.34319152933,5839.620525806204,2
666821aae5b466919d0b3db5,137267.15422673407,31992.122272027187,5
666825abd4f4afde4c0c98cf,91394.41461796041,26081.546119166116,5
6668772d40522ce0df007b53,68860.8525149593,27051.84360978655,5
666968c2f42cd8c793093a63,78680.08559354603,21205.971374096764,7
66697362d74cb699f00fed6b,119193.61867486378,35053.65191642394,3
6669817f9302c561d30be555,119193.61867486378,35053.65191642394,3
666986e7d85f2e17530b3df1,221941.71386012068,20864.18144831269,7
66698a7bb0d2823a8102ea04,105004.6804910864,12332.4263897363,3
6669a1e1bec9e14f5f0c66d0,120959.40531172493,49202.58742798625,9
6669b0602f7c7d221906be5c,121805.13573695305,19825.763902074683,3
6669b88b63257ef7120b14b3,167355.4234745288,33886.696976700136,7
6669b8ca612cbe63470a5c03,276596.95608212095,73246.88103569127,3
6669c8ae663888dc9306d5e7,208373.0306964262,79370.35042117197,3
666aaca0026abbb7550abc33,232671.37131598132,51418.85070330616,7
666ab9ba49c4e17faa01a353,241458.79149754788,40912.14342835307,2
666ac1194f9b45e2890aa1d6,180545.53050132652,27934.426474042026,12
666ac4c3c7fd3142ff0bb7e3,176661.83571154185,27888.264105867045,4
666acfa801c5d0538d01a5f4,169476.99823079977,31782.097257154404,9
666b0dad8fba6a963d0ce374,138745.39637461095,33326.66449584094,7
666b2b08f14c89f277014acf,97049.48696758703,12726.642283426194,3
666b3e17d3ea10d7b80fb316,141071.86082621422,25216.92298418173,2
666b5bb3116ccfafda0e4e86,85904.92008543825,26559.524975529002,6
666bdc6b34ebb3832009baa4,86747.31424622366,5266.085187559227,2
666be6b72ae019b29707b114,195130.16338250172,83614.90319998928,5
666c0a3916cdbf1b36077467,96128.24062747962,14190.399457833017,6
666c15f25c0737075d0936fc,245110.1760777724,58799.06202423455,3
666c2a04320af75c1c018830,104711.75339716398,8223.843138980617,5
666c2a05320af75c1c018833,111604.67985587184,22821.993763276478,2
666c438b40e8504cc70361bb,264290.60726893105,30520.84582615104,2
666c52dda325c1d48f036323,192756.59462035,28038.106988501153,5
666c6b580d7da67eeb03df0a,165136.76560814132,40177.28626929918,2
666c78dbc19bfc76aa0fb383,345671.3444652449,30233.031112638208,6
666cbb46e533c5d9e80c6023,108204.99818804098,27369.131993053285,6
666cd19336022d26e10b6e9f,180910.3431811865,59420.44743852005,4
666d893ba675966fa905fec8,124368.15217888515,41811.982928649675,5
666d89cec62114cde9013347,88835.76845159734,421.1154893443454,2
666de1c12c8e29243a08cd03,111202.13176943143,60063.24639427338,4
666ef307d324e6820906a9b3,98801.28562864273,13880.992384673971,3
666f3d8d31c0db454d058453,119021.39939822708,24040.79618125347,2
66701fcc936cff69a606f983,56307.63364086067,17974.70819698478,5
66702b532e73c07c060302fe,87536.11992448808,7175.261840254671,3
66702be22e73c07c06030321,139744.24690252662,48167.10985238565,3
66703abb133b50d165053cb4,73460.30647732835,16815.386866030065,9
667043a09177b557f70373d8,101424.67095052758,25317.88791035328,6
6670625cd66708662d0c90c3,128105.37295733289,11354.584053748185,2
667062ef3ebc6dd57803bd12,110013.97430166844,29596.841373095747,15
6670c508f2d976f108079983,126702.75780237146,24172.85069650145,13
66714e7b7101fe947c03ccde,159683.4663928826,14623.878875147282,3
66717db8addd390bd5018a86,102329.39134756471,18588.233872310047,3
66718a45addd390bd5018b33,80552.67319670125,25811.879715064017,4
66718acb553533a2180c185a,167582.3103701205,33256.58103534625,10
66718b30c9ca9d1a790c0a38,132246.90271245604,19206.928623294083,3
6671948330368dfb180aeaa7,120233.35904694872,48871.72629123473,2
6671a7767deb45b120003d2a,65606.10384963016,0.0,1
66729374dcc96eeae6093194,103032.45545379561,4637.150304537012,2
6672bffdfc1e7e14a2008ad3,141049.91874847855,15432.054514267746,9
6672ceb4959d42876e0882a2,90778.82171038051,23918.412982865957,6
6672ceddaff24a9d220c9e38,172362.1747341312,32657.466224486507,4
6672cedfaff24a9d220c9e3e,138249.8479250419,21037.452751374953,3
6672d7dde85e00715d0a2877,67507.8590869858,43049.154184838786,7
6672e85b9de14899a70baad3,88375.61358825928,0.0,1
6673efbd7ab539ea27038d28,133533.51946551827,15032.169735404801,3
6673f511d9326099b80733b2,123834.85889258659,18207.235424691506,3
6673f515d9326099b80733c1,130566.18243313723,33258.36221065269,8
6673f66c70af4621350c5e92,196802.27556338863,18261.129534835898,2
6674047ceb6925cef6055419,71454.61443245741,21455.269102175786,6
6674230143a7005a720db3b6,119418.73459373524,6159.323577638867,4
66743c49b60762bb140b9dfb,210652.99958070717,51426.69512417333,10
66743fdb9cdcb73fd50c0e36,77882.83588932488,23808.16956701821,6
667470647e10b1c0cf0a4b31,219694.2652324704,26808.55465953921,7
667482e88ed2a1dc43011e97,108628.29176984758,23822.211590293173,9
66753922061bdf4a4705a3cc,242422.15798602716,20314.45138600098,4
6675709cbb2e6e7e260cac32,79353.33995697691,19480.180202345444,8
667570a0bb2e6e7e260cac35,86026.69837727839,14185.04490470842,10
6675e69549c9358cb5074426,85143.69996504471,45086.36376453087,10
6675fee2cc3e1ed6d30d4edb,116549.25046651493,15272.110766620995,4
6675fee4cc3e1ed6d30d4ee2,105161.4865711409,16753.547320893427,3
667636a4b627c7cd0a0473c1,154709.21904579928,0.0,1
6676a3b2fe6359249c0dc710,71724.91650998451,4986.987854038685,2
6676a43c201837418f0138ab,7809.889632979786,0.0,1
6676a762fe6359249c0dc77f,178018.34217253694,42200.010759342884,7
66794fc2e63f1e17a2075d53,135147.4999670964,20582.847722393904,3
66795156de40c148f40a28a4,59546.113413774736,25314.967004028746,3
667966e9646afe1437042b80,152467.44878508706,27285.783856255395,3
66796f9de90c9d58020cfbb4,94090.67540651276,10290.0258155827,3
6679810492d5931d960f3b78,86792.26271159238,26117.590787742316,9
6679accd8b8b5715690d8475,143339.7189051197,80273.37800006501,5
667a9ec70655c98b370241f5,153459.10478087113,26439.751920339986,5
667aa71a26406d4fb9071603,84363.9760050592,14289.152519092158,3
667aafaf45f7e52de00ce165,104984.23934328154,24334.107707453535,6
667b34622384ec28fa0db3e0,183032.2532778996,41823.5829445397,12
667b35b92384ec28fa0db417,103534.24195529227,4281.4754983187595,2
667bc257e65293bb820f16bb,157824.14147939222,47924.49978861645,6
667bd35a52bf10f0dd0c3359,141399.57748839172,8518.887945237962,2
667bf9b8dd24afa781042694,72438.18908097017,8392.662331162648,6
667bfa83c48ba42c16093b07,68244.91739121087,29274.43345091132,6
667c9d643efea1b8d1082eb7,149575.24933766472,14213.703932352946,2
667cb85286e9c913d703a1df,90503.4653048421,31799.734510715905,9
667d100f69956e6f650637d4,72885.63439014739,25176.83510394579,6
667d180deb4117bc110d1ed3,226459.19107727666,0.0,1
667d25bfb66fc921f5092cd4,82669.70680366957,39652.318859625615,4
667d278524d8adb928077ae3,153096.51291869066,0.0,1
667d2a9d8b095a0569071f74,122552.05542020335,0.0,1
667d2bb5cbfae7eaba03cd93,102132.58793690307,24230.979080415542,5
667d2db245cbc49951001c63,61690.28368538745,3290.4752873481193,2
667d3058b895c0ebc8098943,58666.64997903939,5050.03696271232,3
667d311eaddce4bd0703a573,143787.1374835153,52.31307197462593,2
667d3a730ae501ebcf0c69d4,66338.04611020228,22437.07105037296,5
667d40db7c1dc5f16a0e0dc7,74323.01060502752,31132.822036394216,7
667d452b4a871f1d2b0d0846,58519.762469449764,28032.44715062674,10
667d454a7a4677e21700cf55,124453.7900100284,22366.798792699316,7
667d48ee79c55ef55b05b7e4,153478.88959992226,30391.64407009489,5
667d4cca748caf4236055754,55231.99735180687,32288.874684643764,3
667d541047327b54300145b6,147152.35311287447,21872.244327308716,7
667d544a90ee998a4a0ef36f,244163.3318737171,52708.71510254826,6
667d594162792484120dc064,147287.6952671054,16786.22756747886,5
667d5a2b47327b54300145cc,105604.80674052099,23158.601305352608,6
667d5fa652199e83080ef263,111754.86488710716,16815.354992037068,4
667d607052b52bf23f080da8,137695.66326376304,0.0,1
667d60d26232cd84ed062df2,116170.75555063908,31078.536287878167,3
667d60e36232cd84ed062df7,218110.07069480454,37081.64985814876,8
667d61456232cd84ed062dfe,124451.27589565677,15480.640847195953,4
667d61bd3e52faa30f0463fc,131981.73149448022,37503.28288257548,5
667d629d52b52bf23f080db8,102174.68461813538,48192.980417620216,3
667d62c552b52bf23f080ddf,140190.36842932165,8665.490791031994,4
667d62c652b52bf23f080de2,148155.87623501383,19015.089652410054,4
667d62c752b52bf23f080de5,127661.50988370727,39952.700605694234,6
667d62d383a1c3c0f80e5570,122865.3107813628,28490.352839001727,6
667d62fb83a1c3c0f80e558b,66934.78324880163,16706.410130135682,6
667d63053e52faa30f04641c,157577.72291485293,0.0,1
667d63696232cd84ed062e77,105575.60891763268,29005.527256233087,10
667d63973e52faa30f046455,187681.5583174687,37892.82146749199,12
667d643952b52bf23f080e27,165794.05648869718,34720.73418848066,4
667d643a52b52bf23f080e2a,102156.82964754413,21076.169455808886,6
667d643d52b52bf23f080e30,79740.3309616689,6123.285403919399,2
667d643e52b52bf23f080e36,116943.91957738591,26711.81618557564,5
667d643f52b52bf23f080e39,147735.0085541958,4035.1890335720527,2
667d644052b52bf23f080e3c,115773.11134522397,33564.1212175397,2
667d645b3e52faa30f0464bf,148180.00477207155,11704.224036354208,2
667d645b3e52faa30f0464c2,184139.10604303473,8666.882746426032,3
667d645e52b52bf23f080e5f,88908.24409622602,15464.01301595039,3
667d646252b52bf23f080e6c,120975.95538890923,11369.970661781455,5
667d647383a1c3c0f80e563c,113263.29931954191,30101.329730278645,7
667d64d1ca1f03551d099fe4,58666.64997903939,5050.03696271232,3
667d74baedbbbc2204043a7e,118125.77290632227,51035.39436728456,4
667d756b64a9b419b004a009,434424.0157479625,74520.00855109471,8
667d772d64a9b419b004a059,221629.23719162334,85865.71361118084,8
667d7773edbbbc2204043afa,82407.13049185448,21578.861671737723,2
667d7773edbbbc2204043afd,106758.30989985568,11424.536213993746,4
667d777c64a9b419b004a072,74645.89469046549,12792.629934667868,4
667d7fb11dbf030f1502ec68,177374.36023507465,30433.89422149864,3
667d82c2a3b0f24e1e004c66,91563.46039134491,24527.411957070028,5
667d8464a3b0f24e1e004c9e,131186.5353894593,31740.8508956979,9
667d8de2675c2b11da07dd94,54292.895264050654,12356.513591874922,6
667d8e55cbdd76d4510b3ca4,292279.55076484295,46600.21660585749,6
667d901695d8aba1a8069af5,146049.00510879772,11245.610855301231,2
667d98b069d7eb76ee0b83b3,125583.67727871414,0.0,1
667d9c9d7a2d2c229004183e,122500.33174642088,10876.200405579022,4
667d9e3d7a2d2c2290041864,91614.32440630076,21453.283851547014,8
667d9e3f7a2d2c2290041869,179904.51224306217,42598.92101738852,2
667d9ec67a2d2c2290041895,201404.21350262858,21078.735599479365,3
667d9ec97a2d2c229004189b,103840.51610143334,23637.111648068094,2
667da08d16b2fcbc6b024993,150299.01074550167,53681.148666774636,3
667da13e7a2d2c229004190a,228886.04920657587,74296.6910451045,6
667da6ec0ad9be505903ec74,70119.36630634539,3029.076217802118,2
667da7f035535b7e1705b8d3,76256.90191063394,15227.32915372958,6
667daa9d6ff61ae24c0429a5,126194.44105821016,21041.301647580865,4
667de8495a28533b7b01cce3,123431.52362089201,36928.14535624608,5
667de869d92e1bfeb30a9a0c,110534.84404280806,18872.52213498491,6
667e00a6c66c6472290d0b63,214413.84445146183,46129.7435373275,6
6099aaac6f875c606068b403,162364.11777780793,41514.34464680078,5
6411b2f29a0047bd5500edbf,88957.3748582956,0.0,1
644aef46c3f654237b0febfe,106947.63221434274,0.0,1
645e23e166e585a18d05f88c,136410.1847543915,21658.936793411092,6
6545051021ec0ae30b0889c8,129107.41367558148,42541.40926490902,4
65a9217103460a50380a8986,114880.58531315663,382.4118042352784,2
65c226c6e196ad6ff60f89a2,76132.36029834852,9766.002048241835,3
65cb344c025b28991b0ea9d3,146080.57482231455,0.0,1
65f17e96985cfd80f008456a,396488.9846233201,37944.636869646485,3
6606a8c528924af0e80c92f4,88236.2234412501,36677.406390762306,2
66197f040a24a2af450422a3,94614.44124134017,10820.645239796562,2
66197f8fecb819d1e30a64a3,196557.55758941435,0.0,1
661f9942966440791605ab97,112182.30749028125,18107.992107485956,5
662dff03ad5b7fad580052b4,206967.01735898014,16276.804351508254,4
662e172ca7e0e8e3960734d3,99383.15594576276,19550.289579307384,4
66447d230d707b73cd069f13,94734.84787109883,0.0,1
664f2d7c32d422f6f60b0156,101450.31426586976,26598.408785133946,5
6650a49af18f4b43ee004257,132499.85788555496,29321.575489488594,4
6651de6af598efe22601e806,109580.64527993342,0.0,1
66544ad3147aa4f5e30a4955,260850.4450442714,106502.74194669494,2
665606b1815d9477f50dbab1,447310.97215966694,0.0,1
665606b2815d9477f50dbab4,306190.5727426569,0.0,1
665606b3815d9477f50dbabd,319736.8500979061,0.0,1
665606b4815d9477f50dbac3,317428.83982081304,0.0,1
665617ef774b472e770beb51,149539.45247935157,0.0,1
6661a67901ee8125bf062764,134318.87855658674,25924.855285847596,5
66644da58e9766bed90e9813,101061.90171199816,34167.65772945224,5
6669d9b81fdd9b4b0707cd43,116463.89923641748,0.0,1
666d7d43a7c5916bd00a7fa3,133363.26805488468,20926.410359235586,4
66704ddcad8d80b0ad084c33,222775.6194436468,28082.117364902588,2
66741e242d7a4eabf101d2d6,312688.4403184,0.0,1
6674211798372eb8a3013c46,364855.73628663056,72588.74277265818,2
66798eaaee5e4431bb04e62d,127563.36127575107,41243.19725512874,6
667b3f17d5548d14cd0e7fb7,141169.41691155912,53876.29520180298,4
667d298ca0655321e309a2c3,248436.01503000845,0.0,1
667d806b1dbf030f1502ec90,231581.67912796198,0.0,1
667da275168059b6340634d3,232355.60208096812,55510.311228373525,2
636e3135d9159d09de062428,113806.49588677197,0.0,1
64242f397768857e8002ed40,107150.51884635436,0.0,1
6482f712bace7a7ca7074a5c,89184.24874048511,16339.134847138683,3
6560936b591ecf5f3303e85b,155054.29323219226,0.0,1
657c21e50d7c50fdd40514c0,109451.99355096451,6081.319381841025,3
6585807392964bf81d00b813,154270.58595837318,46323.07852842209,4
65c4e837694f8299130a8182,215336.82680301,0.0,1
65dc532abeaeb63b88039730,125393.40695395097,0.0,1
65defed63341996a90023aa0,350307.67626910633,0.0,1
65defed63341996a90023aa3,383222.3443976066,33251.64761871752,3
65df60c1daad886d72083950,190078.05033072393,0.0,1
65df60c2daad886d72083953,190078.05033072393,0.0,1
65df60c3daad886d72083959,190078.05033072393,0.0,1
65df8503af2c545664021df3,179321.97702365287,0.0,1
65fc4e2a78a7855373036fe6,92865.67621316804,0.0,1
661ea94f462474afc9068704,103643.45273910144,0.0,1
6651d8cccac081155c038323,253883.93325087335,113469.25374009296,2
6651dc104fb8ac0c2d06aeb3,367353.1869909663,0.0,1
6655f80a1341f30aac0819d9,163648.7184613936,0.0,1
6655f80b1341f30aac0819dc,163648.7184613936,0.0,1
6655f80b1341f30aac0819df,163648.7184613936,0.0,1
6655fb3b1341f30aac081a83,166027.8536951136,0.0,1
6655fb3b1341f30aac081a86,166027.8536951136,0.0,1
6655fb3b1341f30aac081a89,166027.8536951136,0.0,1
6659d1214946e5c04d08a0e3,135936.65195403277,0.0,1
66618f62afe6990da3081432,223156.91383904841,0.0,1
66715cb85ba36740b90ce505,229724.6917332522,0.0,1
6671ab40d2403c549b0a5df5,229724.6917332522,0.0,1
6672cee0aff24a9d220c9e41,74989.47226391436,0.0,1
667a79766b771745a801ee55,182529.22322521836,0.0,1
667d4eba7713ca64df047003,151078.46557158625,0.0,1
667d779364a9b419b004a085,126546.66922542863,0.0,1
