id,actual_prices,predicted_prices
660fd4bc44ad00eb4f0ade6d,110000.0,119892.39
660beb8580d5b5fe0a04e166,56500.0,71667.84
6679f41ca15788309407f539,91000.0,91737.44
650c26b0e7df95833a07c0ad,379000.0,336831.9
66069110e4278b3f5f0347f4,387000.0,275269.9
6655c4b052f6001694045349,128750.0,128029.59
64798f386ce14de8ab010198,84000.0,89362.984
667d40db7c1dc5f16a0e0dc7,82400.0,79130.88
6651de6af598efe22601e806,180600.0,152284.44
6661e1616a05e460480bcac7,95000.0,84989.19
65c3bd6823c207ef7304da3b,415000.0,252668.53
665db7a43c578391850435a7,185000.0,141665.36
6627d257e2ed3c7112011893,69900.0,86890.21
65e091d3a20ff571f604da20,71070.0,74876.21
660eb6c380a79bb8780e5580,128750.0,108312.61
6676a3b2fe6359249c0dc710,93730.0,97661.17
65705c751b3b4682ea0cdba5,107000.0,134798.56
652a501f391d27b3b60a055b,63000.0,80829.81
664346be804ad54b00026c39,45000.0,60301.023
6650a00ef18f4b43ee00402e,85500.0,81700.41
66549481be1ea67083052b44,142140.0,150647.3
66278bd00d294889e7067dd3,119000.0,152254.17
666c15f25c0737075d0936fc,199888.0,238790.95
6670c508f2d976f108079983,140000.0,114297.43
66410b7258ba9d1d5c013303,94900.0,106074.77
663a8d0d89af2b0d310f7073,150000.0,172581.33
663940718c38069e6707b133,72000.0,81007.125
6585e92e3023c30cbe0902b1,82000.0,79651.92
6543967776591e86e70baff4,45000.0,46370.426
665f41506ed945f3a508fa29,197000.0,216196.84
6664403f13821b6b390be25a,145000.0,117952.64
65e1da387e248583850323aa,315000.0,337086.78
653baddf9322af421f010817,117900.0,107158.37
662a5e51ed3444c1db083fa0,93000.0,123185.0
657b303b21a502fbd20041e3,62910.0,64540.555
66718a45addd390bd5018b33,74000.0,67436.945
6673f511d9326099b80733b2,108000.0,95281.02
660d3ff86a4be537ce0be74b,44500.0,44145.598
6669b0602f7c7d221906be5c,85000.0,92648.04
6620457b22c2c1e167085da3,103500.0,112771.02
664ba609d3967da4f90e98d6,97500.0,67890.77
65ff43946ed988688e042140,76850.0,83373.93
65f0781eb6a4c54c9301a944,100940.0,90240.914
666b2bb6f14c89f277014ae4,94350.0,106075.4
661fe5b09e1e44dd780b3d24,83500.0,108745.25
65e8552170e76c43570a087b,102450.0,103150.03
663ce148404620fea20e4e61,127500.0,153425.81
665724d6567c6afcd30b0b12,105000.0,107181.41
66180067cef02a659f03a3c0,72300.0,66371.32
6661c52e1219fef697024f76,91240.0,104769.58
664cb284f7ed274d9c0bbeb6,102000.0,92256.79
6666de3bbf8b9506880e4057,168800.0,145525.05
661e4f2e4c33270834001d8c,180000.0,217771.84
65df5b9567ea653c23020e3b,195000.0,240773.84
66545295d188149993010092,139000.0,146910.53
667043a29177b557f70373db,171000.0,205620.36
664f878354759edfb40b5067,104000.0,94608.83
664f878f54759edfb40b507a,270000.0,284467.34
667af94d7b6456d8310cb550,118000.0,131734.78
66018437639c9e95360756a7,225000.0,224283.23
667b282a0a34025fd70ad7e9,101476.0,80465.56
65b604400f2e4a09f20a357f,60000.0,67864.52
654d1f8bef95c906f90717e1,215000.0,215405.7
6661bd49f464572128089f03,175000.0,209064.48
66164f8e56861ff553017d97,70000.0,66358.45
662c26b9500604c66404287f,154500.0,161410.86
65dce2e7f454ec73ac0fc08b,249900.0,321616.5
631a3525f02a62c92502e802,199000.0,214588.1
6657e8867d5a67624b070cbe,95000.0,93077.6
6675fee4cc3e1ed6d30d4ee2,97000.0,97624.87
666cd19336022d26e10b6e9f,190500.0,186064.1
653389ad8dd24325b1088dc1,71050.0,66371.32
653665267c8b7bdf1600fe0b,61620.0,54105.99
65f44c264e4a1aea8606b3c1,92400.0,87416.51
667941ed022a67e2d30fde07,164799.0,280025.97
666af1b89974db608a02abbf,37500.0,57472.207
667aafaf45f7e52de00ce165,102999.0,105319.88
6679e4d16669fa41560cdf8d,128750.0,106852.59
6627b2e44d16f420c00fa83d,308000.0,357051.84
667972a2c87362017801b86b,80000.0,110673.28
663557faeda0b4b9c6027b43,117500.0,101342.81
6647cfb302eb058f6803ad18,93000.0,115810.53
6673f515d9326099b80733c1,105000.0,124116.56
65692651ded1c146f404a7df,71300.0,71939.01
662907da9b319e31de05c9c5,123600.0,123408.81
666574abcfc8e7b04609d075,199000.0,206757.88
660c06ef7370e3cb81035cc2,358000.0,306728.8
65539eb912284051470b5f1c,195000.0,191271.4
657345145c0faf9040093f0a,232000.0,197826.42
66741e242d7a4eabf101d2d6,270000.0,270408.78
6631003962b27da6e20b134c,215000.0,254832.02
66262fbf9b3f2803410cc9e3,440000.0,441625.25
66474c8855a1cb58b6054eb8,114000.0,106128.1
659c21b65fff0de71c09b836,77000.0,122653.33
662b6e73ecc63e0aeb042c65,88140.0,97660.49
666986e7d85f2e17530b3df1,249999.0,265423.3
665a092c759b05d5690e192b,145000.0,94767.85
65df98fa2a53f89ab90d7ab1,73130.0,92612.516
6679accd8b8b5715690d8475,73500.0,80415.43
6674230143a7005a720db3b6,129000.0,110886.57
648b268857bff0b7cc0fdaf4,85000.0,79032.414
64149a7d320b47348807a1a6,96000.0,104308.09
63382481aee1dc6f0b01f4a7,86700.0,113120.18
65fb2be425174869040c1f71,254200.0,356855.12
63d2490a8100bc0e86045875,118000.0,163528.81
6592d572a76da22ea602195f,325000.0,412685.12
6679810492d5931d960f3b78,74400.0,98851.375
664341692d188946ef01143b,90700.0,88035.625
664f0f497985e801850c69ad,53800.0,45245.496
6671906dc6cc613223005073,84000.0,104397.08
6678ba85cd5774ba230e2ce9,300000.0,310063.44
6651cf615998b2c2b30234bb,162000.0,144803.14
6646342e25bbd4a21605fd65,85000.0,132742.36
666af4119974db608a02ac41,64000.0,76694.34
6651c27a1855b2e4a9047bfb,162000.0,150295.12
66644a253bde9cef410f6e78,470000.0,380416.0
6623b16f5627a42fab071bbe,590000.0,337425.16
641ca455c9572f5abb08955b,415000.0,457094.53
6614340164f5da7c0e0eb349,139000.0,153890.39
66531f314269ecd4d90afde3,170000.0,149426.38
664798584870a96e6d0c3c83,66700.0,68237.83
65e5a330322817144e0d3bb8,84000.0,136720.67
66229d4f4456548a9b0d2d84,87400.0,88387.46
66702be22e73c07c06030321,107250.0,153012.03
6673fda876a4ab06f5036cb5,85000.0,88784.93
66682577e5b466919d0b3e3e,149000.0,127976.53
652a45f2999aa4507e01980c,57350.0,71448.484
6672bffdfc1e7e14a2008ad3,145000.0,109916.17
665f85a3967432d3600e9a63,115000.0,112552.664
6658a9adf6e2dbf2af0894b3,83888.0,74124.336
6644ff15223e3014840009c4,172000.0,140610.92
65cbdc459af10d66a70dbbb2,145000.0,105404.38
65affeb02f9f3d843d0fa604,170000.0,188562.4
64b16f6128266d1f4200a236,120250.0,128090.71
6660c9556b628f7cfa03a804,125763.0,97409.23
64de29ab3628167cc00b028e,190000.0,197572.08
65e5abcb7b556e3bc60bc497,153000.0,124129.24
66743c49b60762bb140b9dfb,580000.0,516585.94
66571c7b567c6afcd30b09dc,105000.0,146176.23
6631351bf793ab9bd208f904,259000.0,319856.8
66168335877276b3790393da,290000.0,280230.06
6669e5886f30cb41d20ab1d3,51000.0,40902.13
6581c616b71ed8f37705ea69,190000.0,215442.61
65631304a7533cce17020617,50999.0,62043.14
63849c09ec5e7ca67b06426b,125000.0,152090.36
66617413ab3ad64f150dfc67,45500.0,53274.2
64e62faffd7041609903e74f,415000.0,383472.12
667636a4b627c7cd0a0473c1,55500.0,53809.26
664b34f2e7ad0728c20ee6dd,81000.0,105964.42
6431405057ba8595ce0d0b8e,155000.0,133017.62
664b92fb779c177beb0911b8,205000.0,272627.12
64d2dc2d4998a799cd09aa21,129000.0,102015.41
665851945bb534f6a509755c,133900.0,116997.52
657059661b3b4682ea0cda5e,55000.0,61410.555
666049660a43e61f97074241,220000.0,209912.33
6331b564d18f70b9f104215c,113000.0,120215.93
64c9075af890722c4a082c0f,68150.0,73506.0
6597e6f77aa56ec2260ba089,219900.0,308642.38
664c85f5f5e8c8205b0431b7,230880.0,220083.47
65244482946f03ead40e100a,70000.0,70354.055
66718acb553533a2180c185a,165000.0,143944.25
666bfcdd45ca9903ee0aed35,71000.0,69799.62
6670098e42dad4e6a00149e4,102000.0,94853.91
65d89050392121406e0c92d5,71070.0,89674.47
66672de791e97ea2e30d7c74,153600.0,174336.31
6619800fc52ee2b8430e1063,222790.0,172247.4
66705195364f78acb2095514,230000.0,199934.98
665e58deae72dae34c0f440c,55000.0,53552.793
666c2a05320af75c1c018833,77400.0,77953.46
65a8382e60ef9f4940068f0e,99000.0,75132.39
6595df3e97bf32a08f0ef656,118500.0,114993.43
66630a047e9fb9b6d30b3795,123000.0,184537.61
6669a1e1bec9e14f5f0c66d0,129500.0,120800.016
666abb04c58b9747310990b4,100460.0,100588.9
635256e8f39800a4960d91b0,84728.0,84404.234
66707bf619ee36aa8302001b,102000.0,99775.234
64414a2cdf76eaf5ff0cfd23,134000.0,130063.27
6671ab40d2403c549b0a5df5,343000.0,267516.56
662283011007ee3df50f79be,137000.0,186115.52
6500913ed36e9d39c701116a,173850.0,126603.38
667153a193c4b0c5b20f8ce8,100790.0,91300.53
6671511f0accfe75e606bd08,76390.0,67880.56
666d893ba675966fa905fec8,107000.0,118206.914
66672a298bb1fa031700c817,250000.0,206037.45
666af3579974db608a02ac14,155000.0,157020.16
660d2aa299d2f97e3103c376,130000.0,150759.28
65c4c4041108a1416f0de607,406300.0,347382.9
665a384e334362ece10667ab,237000.0,146933.0
6659b56aa529c24e0a03d71a,149865.0,108011.2
666c438b40e8504cc70361bb,297000.0,296584.3
666b19e2b409c1ddbf0a31c9,550000.0,568524.25
666d7f8dac3acc1b7d0f26e6,79000.0,93290.69
666d7d43a7c5916bd00a7fa3,155000.0,131436.33
66433d65055afd39ff0a21ed,72100.0,65636.7
666b5bb3116ccfafda0e4e86,80000.0,98017.03
65859e7deaefe7a2fe09d80e,208000.0,181707.0
661cea40e4db11814704bfda,192000.0,173351.89
652e46a52f7e5323a806e542,249500.0,221526.61
6617cedc9c554262e604cde3,63500.0,67414.24
6641ec6a704526130c0e7e46,155000.0,151861.73
66097b92caf06c8da70b0aaa,68150.0,63407.832
662e466f9f4cd0436108f9b3,75700.0,77474.27
6635f37bb71e727dba0dce74,320000.0,368450.66
665db58d58ca6918e0047813,66000.0,54052.89
5e108e4c0c7cde634c72bf4c,43000.0,58230.684
664f796c9511f96efe0dfd15,87000.0,80995.39
667daaea9d0940e4cd033e41,450000.0,317433.34
6644b6c98ff26dad740ab51d,219000.0,163785.2
667da7f035535b7e1705b8d3,83430.0,79642.04
6661be1259807b2aa80161b5,76000.0,70585.266
667da43ba0f7a8fc7f0d2473,82400.0,80592.83
660706047a6150a5de082475,125660.0,129043.83
65b7e95850c4f1444601893c,136000.0,142832.3
65b7e95650c4f14446018924,148000.0,213617.14
667d9e3f7a2d2c2290041869,149900.0,161027.1
66560ed9774b472e770bea1c,220000.0,344675.88
667d9ae8a5a0db7dc204ebd3,206000.0,187838.0
665606bd815d9477f50dbae1,455888.0,476084.03
665606b1815d9477f50dbaab,434888.0,445824.44
65859be223db87aa6f036ff3,84000.0,89828.02
667c2b0e7677241c78063313,140000.0,137857.72
665605c1815d9477f50dba60,137200.0,103125.37
66560548815d9477f50dba49,163800.0,172559.48
6673f66c70af4621350c5e92,226000.0,165031.73
666ac1194f9b45e2890aa1d6,198000.0,181244.25
6675a7a34a23238b90017423,56000.0,63180.33
65df60c3daad886d72083956,98549.0,147140.61
66753922061bdf4a4705a3cc,219000.0,317292.75
6601a1243f96b4eb0404bd86,72000.0,82319.46
666c3c64faaf4ba94f0dfbd7,104200.0,103145.12
6656762fdce5bf9cd9099cf9,65000.0,73380.61
665667afe376ef03680b33f9,156000.0,185890.77
623bac5f62f288426c40f143,180000.0,207632.38
5982067b7ce3af6bd736b172,105000.0,186870.78
644a69223f3d7a74460e543a,61480.0,65477.297
649f54fd30db17c28a0e03f5,180000.0,103478.516
667de8475a28533b7b01ccd8,122000.0,128896.52
665656c15f5d4ee66002569e,115350.0,109351.0
665655245f5d4ee660025663,65000.0,65397.816
665643aae51bc194040ac008,123600.0,116690.67
6656435fe51bc194040abfe6,109000.0,159228.89
667dcd2706770f1ff8069b23,128300.0,119331.72
65df60c1daad886d72083950,64666.0,77707.195
65b7d3e0f4a1543358012d6d,181150.0,166680.17
6655fc7a815d9477f50db998,245000.0,135552.78
6655fb3b1341f30aac081a83,176700.0,172553.92
6655f80b1341f30aac0819dc,187600.0,187456.45
667d8464a3b0f24e1e004c9e,55000.0,108279.586
6606e81b58abf3942c071165,360500.0,233913.38
65df5a3b67ea653c23020dfd,73000.0,99337.83
65a9217103460a50380a8986,93730.0,91737.44
667d82a81dbf030f1502ecce,245000.0,229570.39
6655f4751341f30aac081978,215000.0,230590.12
667d7fb31dbf030f1502ec6b,133000.0,126643.86
655790230b2910ec040fd331,288400.0,254008.92
6655ef441341f30aac0818a3,87360.0,81197.484
667d7d1a14dfbe738c0ab153,196270.0,136925.23
6411b2f29a0047bd5500edbf,81000.0,112624.55
64538a4d9f42fbaaf60d7259,74250.0,63378.664
662a2cf287777665990cc356,96000.0,116047.38
667d76d8edbbbc2204043acf,198990.0,158008.72
6655e90549a68016460189a4,133000.0,126106.75
667d7507edbbbc2204043aa8,98800.0,88229.195
667d74baedbbbc2204043a7e,113000.0,113922.664
645e23e166e585a18d05f88c,95150.0,119079.31
63d0f6e0cf0f00273700615a,333102.0,292532.47
65b7b81bcbedc91b140e1d2e,193788.0,231008.42
65689cfd7eb8cd4bf00b5b84,150000.0,140296.64
6606d1f816fa777f7900f8b3,329000.0,299827.06
6655de00e3a743781800640f,342000.0,351320.3
662f76c79d55d79267015236,250000.0,312100.06
6655daeee3a743781800638b,120000.0,137068.61
667d67323ba63434910fa954,110000.0,108779.81
646cb32e7b05299a9804f6ef,361200.0,261703.56
667d64d1ca1f03551d099fe4,51500.0,51416.3
667d646252b52bf23f080e6c,120000.0,116910.45
667d646052b52bf23f080e69,180540.0,175128.6
667d645e52b52bf23f080e62,178500.0,175759.52
667d645b3e52faa30f0464bf,147000.0,132679.52
667d643d52b52bf23f080e30,80000.0,94838.88
667d643852b52bf23f080e24,410000.0,266508.22
6655d65c79ec9d19670516a9,55400.0,52771.535
667d63053e52faa30f04641c,126000.0,143706.45
667d62d383a1c3c0f80e5570,108000.0,115603.4
667d62cd52b52bf23f080deb,121500.0,125204.51
6655d0ea52f6001694045500,198000.0,198361.92
667b34622384ec28fa0db3e0,174000.0,168021.66
6655cf7b52f60016940454c6,51000.0,46251.242
6655ce4452f600169404547f,131000.0,131032.19
65c4e837694f8299130a8182,63883.0,64163.492
667d5ad983a1c3c0f80e5549,70100.0,62493.668
6655cd1b489b4fa9640cb258,89000.0,59989.52
656ef990e15431e5e50ebb4c,86000.0,90102.04
660d4a89d267d94fd303d1d5,118450.0,112419.05
6655c96852f60016940453d4,251640.0,220313.47
65e6ec65ce48eb53f804887d,94000.0,181025.72
65d360adc31860f5090509fd,68000.0,69854.914
65ef2c5ce1332c257300c8da,369000.0,311734.25
66264510fa6918787d0757e1,469000.0,367692.34
667b4dc5fedb1805500ef2af,97000.0,100625.05
65df28b8a18424eed50f7e93,75000.0,83027.36
6554cb6290bb04d7290533a1,89610.0,80903.52
662e2c878aa994abe6015ac6,105000.0,115320.03
667d454a7a4677e21700cf55,118450.0,128409.96
667d452b4a871f1d2b0d0846,39000.0,53987.51
65b78cca064319a282044be4,89000.0,116535.4
6655b4b6ad0526de8e0432ac,116000.0,112371.91
662e2610a544e3dbaf0a96e3,215000.0,221137.7
667d4150f4e603f6650fb6d5,51500.0,51416.3
6655b21ead0526de8e043234,116000.0,112371.91
6655aed1b3f630f18309767f,231750.0,186540.94
6606a0d3a2e61048cb06aa2d,130000.0,134593.78
667d3b95180858225e0b7856,110210.0,112840.945
667d3a730ae501ebcf0c69d4,66000.0,64614.48
630a361e88218e5cdb0b41ce,205180.0,317870.03
645985345fe98f18240123ca,144840.0,199429.25
666744a98a28a0bed9077299,135000.0,153066.08
6655a7a34ec50b0e2b096c48,106090.0,97591.055
662e182117c66c22ac083535,134450.0,132493.92
662e1496db524e5a400b1047,97850.0,109827.086
662e12c9f0f6494ebb0cc475,179220.0,292950.25
660692d444fb80d6820b27e2,145000.0,160169.4
667d2a9d8b095a0569071f74,98880.0,82238.336
66559ad11c92cc665c06d3db,300000.0,198314.47
65defed63341996a90023aa3,338985.0,433033.3
665598ac1c92cc665c06d375,151410.0,167396.83
662e0896256eeb95670dbce5,91000.0,105401.92
6475cab0e024ae9c6d0107c2,92000.0,92002.95
66559370b36968b6020a92ef,97500.0,100150.984
667d1c50b8f27760660d5a63,120100.0,114615.69
662dff03ad5b7fad580052b4,180000.0,239427.05
65def08794f2e7415c0fc204,69990.0,87229.5
657c21e50d7c50fdd40514c0,65800.0,79901.484
664715baa07c8bb3b401ae44,59990.0,81004.29
65019deb89c633f66f05a36e,51500.0,62784.043
662df22590a55be6a2070ea5,123600.0,134905.12
64a99d5704bd6bc71f089e2a,108150.0,96667.36
66229a024456548a9b0d2ceb,103500.0,109409.445
65af7e3eeb6c0b61530981dd,283800.0,368255.66
65842df5513599e545035174,93000.0,87076.5
667a9d323cb7b4b34e072036,86520.0,106300.586
6655af22b3f630f183097689,385000.0,508808.9
66758a7027bd8091bb0b28b3,114330.0,119531.75
667c0a1b6bf468f6630afe13,152000.0,147961.62
667aa502c8c9633c99058594,111034.0,147685.9
6662d04f77e84818b10e4172,66900.0,71199.12
65cf4613a6366b6d370b7571,97790.0,82424.07
667966e9646afe1437042b80,184000.0,222439.11
65ba46f219a9decc160f5b1b,103000.0,102170.13
666b26e6dfd6e7e93901f94b,179000.0,235860.45
667bd35a52bf10f0dd0c3359,130000.0,133810.95
66394ae46c638de18e0341c3,60000.0,69660.37
6639346fd2e6f8bcba0e9d03,74500.0,84340.22
65fd55f701871be0cd00266a,125000.0,121764.47
667c733d5bef189ecf07dfe3,51700.0,37079.09
65e0793c6b092f8f020bed93,54000.0,60975.75
66753720061bdf4a4705a36d,179000.0,208298.1
664f610fc90e0397060dcb62,135000.0,168075.31
663ccf9d1c142f99740b1bd0,142000.0,194507.6
64b5873a183eab58830dadfe,389000.0,335701.06
6617d6e14cab0f0ec409da53,445000.0,494882.72
663f71bc810f4e13bb005994,149000.0,193020.64
661e721acc2fb54b780812a0,66000.0,50328.984
66687ddd772c332e5105e4d6,60000.0,80639.305
6654a6d2407c687b4905ce57,72600.0,58300.23
6669d88fae6c9f1605028688,130000.0,122613.28
6517e88ae68a480c650f030d,223000.0,260066.27
6671b37632ba9311eb0ad1ec,57000.0,58040.387
66630c0af51ba0050a0b63e4,97888.0,64521.914
66630f29dce0ac9167002fe3,139888.0,137449.33
62c2a3352d0a7dd3b20282c6,67000.0,84348.375
66548b0cbe1ea670830529e6,199000.0,266974.34
6628465160ff0e124905c575,300000.0,303123.25
66576c5f86c3cb537e08e5df,79600.0,93803.13
667482e88ed2a1dc43011e97,106090.0,100357.17
666ab9ba49c4e17faa01a353,79000.0,223794.23
6631057262b27da6e20b1411,161700.0,148639.12
66619ae36e4217b0f80ebcab,108000.0,101360.83
664afc0d60b5469688073cda,217000.0,191790.4
6645e95e8981a32a1f01cd83,191500.0,178958.78
666ca4742ff62c972b08d0c4,89000.0,103320.01
6627f2e7d897fcb3300baf22,249000.0,321085.25
63c15e4d1622d12ee50616c2,299000.0,208563.77
66607f4458c851ad150b1e96,149000.0,164729.95
6627805172bf7ed16205a45b,289000.0,309188.47
6582ee4eab4a3fd5b503681d,208000.0,199066.45
64ca637281cc09c7d90b4c80,220000.0,184717.45
6532b414d6732b65dc05dc8e,329000.0,271496.3
664ce37fc748fed972048183,245000.0,256135.73
65f34b7e1cbb2b76130a32d1,139000.0,134657.72
6676a762fe6359249c0dc77f,165500.0,170706.27
666cbb46e533c5d9e80c6023,69999.0,56498.664
65e8895c3570450c0c0276eb,53900.0,63825.61
66733189245cf7a7d60b5863,270000.0,193895.62
666f618907e134adaa08bfa3,92000.0,102264.5
666f5e13a73145c98007b243,52000.0,56994.703
662f42f319ba71ac7f0b9265,125000.0,147664.33
661ce0d78847f21ad50c1646,410000.0,409162.66
64428cf15e784756d80ef50e,70000.0,52279.418
64355187adf55fa8530b09b3,78000.0,68433.664
66618f62afe6990da3081432,78100.0,104078.836
64eb8dbe1b584eec520ae1aa,82400.0,96842.39
6674427d84ac9354270e3674,45000.0,63193.312
65f8403da0acd1f60f064ebd,67030.0,67581.11
661e6dc6f120b1efb4063a44,76850.0,76199.73
6656e74a7ad5a3e666086fc3,89000.0,108129.484
666d6a6e0983b77fec06fd2f,90000.0,116062.125
6672a2420ec692cba8029dff,34800.0,39509.125
667acd08630c80cf940d2953,110000.0,108879.55
666b3e17d3ea10d7b80fb316,185400.0,201235.38
664d0a7a67f731c9af01f084,150000.0,155277.69
667aa71a26406d4fb9071603,75000.0,67155.06
6609b47a765af0d89405a794,78500.0,62004.633
6672b2f713b75cad1d07d89e,77250.0,74051.875
659e71371380e42e200c56e6,75000.0,99792.16
6442727561d44ba8d20092e4,225000.0,248969.11
667949d2eee1b5d5e50b9c9d,67000.0,92134.14
6670625dd66708662d0c90c6,67980.0,80317.08
65df6ca7155b837898058198,345000.0,402205.16
6618008fcef02a659f03a3c5,397800.0,296067.2
660c06f67370e3cb81035cc5,195000.0,171593.88
65d6231ade851fb4610097f1,595000.0,461339.75
665efe663ab9e160ec04989e,147000.0,158259.88
658c5dac8766a74a320a71aa,95000.0,108006.766
64feed0e9f3c363ac50d69bc,299000.0,299431.53
64c7fbefe6e017a0af0815db,459000.0,350877.84
64d651bc4c6edea1d506824a,95000.0,107429.29
6667139ab95ee19b7603c425,130900.0,142924.39
6657890a25de1041260a5dc3,78000.0,47927.035
6579e57f4d8f2208ed082b78,410000.0,539988.75
66571b39567c6afcd30b09be,230000.0,197965.62
6670625cd66708662d0c90c3,87700.0,96668.164
66423e0a17e3590e930a4275,52310.0,56674.516
65ac19ccec684ac893096558,349990.0,349960.2
6659fc0a9a652c37e70f8cb6,76900.0,89911.73
664f9be727b953c6f109bdd7,164000.0,178830.8
664209f7d4b75a851a0750e8,90000.0,61693.58
65f47a3226b06416e70d2ee6,128000.0,121538.9
666761a395b382085c0989c9,67000.0,74776.836
659d9ab89f61af28880cd35e,375000.0,372906.75
65f8927bdaa4aa3fda095237,142000.0,142119.6
66083fc27d46af248e029091,82000.0,61256.684
664b1c3000606c0e4c01a9c9,175000.0,179838.67
665740b5764890282403c514,276000.0,238052.39
66698a7bb0d2823a8102ea04,99000.0,91919.9
652e7da9659cae94120464d2,114400.0,131977.64
6669bd5563257ef7120b14b8,86000.0,54392.11
652a4e0fd6aa0c909d05ca11,57350.0,60423.355
666cad184c7bc1a7020693a3,62000.0,67087.055
6665fdab9c544cec5e0959d4,95000.0,71596.875
665e605d7057981eae0d0944,336000.0,253636.06
665d9e1eef2a99b4d0094023,117500.0,83555.77
6658569e9222be2c170d2e76,160000.0,166787.52
65b4ad48156c157f3d07eb31,78000.0,89734.18
65870ec38eef96e2700f2c8d,82000.0,110413.52
64b51759038bd201080a5729,103400.0,101605.266
6650886df42713e713049e87,375000.0,396768.4
663d5f54af16c024540501da,285000.0,343566.1
664ce3de233ebc19e9086673,56000.0,64809.047
665738a5764890282403c414,285000.0,368277.78
664dc5fa12c2f3083d02cab0,150000.0,159295.84
664cbabc12c03b9f9503c019,200000.0,237129.75
66432baca3373c3df00db14a,269800.0,336473.16
663d04a73070f4381200a5ce,285000.0,301961.25
6621010c3995553f4c01531b,179000.0,139517.42
66154db03045343ef90b1fcb,350000.0,345013.9
66153f651c4809ccb90d9c7c,184000.0,200130.45
654b4470d9b112ce93099267,249000.0,255809.88
666af889a947e1988e019aa3,289000.0,374444.2
665dea4549034b414d071435,350000.0,345000.44
664b3efaa54cf546510e50fc,97150.0,99201.47
6617fc20f4c769815b083d66,156640.0,189805.94
6576062d6ea89e75df005258,80000.0,130874.4
64ff04035eb2e1a76a04dc8e,166000.0,174322.97
64fb0f828b2d64c7530029ca,110000.0,97265.59
6627b9314d16f420c00fa8cb,115000.0,118797.55
6658982df94c6596d8013997,65000.0,64884.324
664b232a00606c0e4c01aabb,179000.0,260719.14
6660a9efdeb2c2b69d0889d0,135000.0,163188.05
665a1391759b05d5690e1ab6,225000.0,177956.47
66464be1ccc15ce4730390c8,118000.0,101946.625
6581d44a7ef5d75bbc05549c,98000.0,167143.45
666c797ac19bfc76aa0fb39f,179000.0,259719.9
6662434959e77c067d0836c3,115000.0,115121.35
663e22f1fdb9c20aad05a799,65000.0,85152.14
6644eeb247110e25730f3395,255000.0,213061.39
64d49de267b32e30ab093f48,117000.0,142914.69
65b10f877f2ff39b50018955,130000.0,120433.95
659810cecbc610a62400c494,77000.0,84053.51
664c6b62662824fc0b0bc339,67980.0,80317.08
6533b50e4d06ef781c0564c7,76152.0,89247.45
6674775d9528bdd4a3091ea4,88400.0,168478.5
666c18ebde8dc9874a06ca8d,47500.0,47549.1
6658c9eee74f142133083d14,61100.0,85320.13
66644da58e9766bed90e9813,139050.0,144835.83
661eace307a372bd7a065d44,90200.0,93939.08
6672ceddaff24a9d220c9e38,179000.0,180154.55
664b83ca4a5bc18eb008de4f,150000.0,119027.484
6672e8c858b294aed406d2e3,98000.0,77500.23
657b8b7f42438b9389007ea7,129800.0,195360.64
666c1a77de8dc9874a06cab9,102000.0,94732.58
6648db9f8ee76b3fc502f297,168000.0,197210.75
6657706689d78d7069009b64,360000.0,440662.1
66707bf419ee36aa83020017,89000.0,88827.016
65fb6c404a539c5cb10d726f,687000.0,662454.94
66229e7f4456548a9b0d2de4,279000.0,254149.12
66715cb85ba36740b90ce505,95000.0,91422.336
661fab719754fba522095988,165000.0,169462.17
662fa427a577bb493f0f4606,58400.0,48459.316
664721269054f9c888083fe8,93000.0,76682.01
6661d6446a05e460480bca4e,356700.0,341004.03
64e3554a9828dea77b0e6551,89900.0,87502.71
650edacbd4d39aa3ff0ea0eb,70000.0,71876.266
666c2a04320af75c1c018830,123200.0,140821.6
5d6d405027317152745566cf,135000.0,142152.58
65581c1dbef552edbe0c9ed2,360000.0,339038.8
658309a56567861f21086677,208000.0,228461.47
65d49b81fcdfedd0d6089c8d,240000.0,259573.66
66644a203bde9cef410f6e75,250000.0,319125.53
6669e494b13bebecac015f43,94900.0,96462.54
6668c1d42d8153fdd8055d53,130000.0,86926.445
661588023841bcb2b6094ef9,130000.0,164042.45
6649ffa6a02da9ac84008b05,499000.0,297234.47
651d5660f5cccedcb70e9476,330000.0,331604.56
665b263460be581ec60ae935,120000.0,98682.72
66328afa78f56af1460d2a83,53750.0,39233.02
65a937e679c4199a320c8835,150000.0,202901.9
654aa9ff2085ed365d0c6b42,532000.0,308151.25
660712daf526ab6b8b07b39c,555000.0,537080.75
65df84baaf2c545664021dd9,99000.0,92478.64
65df84b9af2c545664021dd3,104900.0,155351.81
65df84b7af2c545664021dcd,84000.0,122030.95
65df8406af2c545664021daa,259000.0,297249.66
667da9ca3805809ce30a70a3,240000.0,276759.7
66214c4b46f0c302ce05d458,169800.0,181268.16
667da6ec0ad9be505903ec74,78280.0,82077.87
665617f0774b472e770beb57,144000.0,136195.06
65b7e95850c4f14446018945,84000.0,83657.805
65b7e95850c4f14446018939,86000.0,86667.47
65b7e95850c4f14446018927,138000.0,121903.44
667d9eca7a2d2c229004189e,125000.0,125164.41
667d9e3d7a2d2c2290041864,84900.0,103569.945
667d9c9d7a2d2c229004183e,145950.0,132692.02
667d9c757a2d2c2290041839,190550.0,192628.53
667d98b069d7eb76ee0b83b3,117570.0,90472.6
665606b4815d9477f50dbac3,450888.0,467251.47
6606f5f674c510ed9501a215,419760.0,340930.1
6606f5f374c510ed9501a20d,310392.0,258755.27
660180f246591ff28e0ba5e2,88000.0,100738.46
667d8e55cbdd76d4510b3ca4,306000.0,269243.3
667d8de2675c2b11da07dd94,52000.0,76449.63
667d8d19b0895d20f609a8e4,247200.0,179556.4
6655feeead9ee4a47a000ed4,72900.0,100437.11
654a38870b545c2f800c9bac,83250.0,102002.24
650c1fc29701b914f901aea9,119000.0,136707.95
651c16547a5c280a040f7222,81200.0,93433.086
6656762cdce5bf9cd9099cf3,90000.0,156544.94
6446e453e376e72c250379c0,68000.0,80415.266
6446e453e376e72c250379bd,73318.0,90481.695
6516c09029afe227a603afa5,59800.0,59851.605
62f57fa0cacd22e92a09bf71,103000.0,134125.12
5c65a94a27317158c778332b,80000.0,119528.51
665605a1ae55c551490004e4,95000.0,96135.1
667de869d92e1bfeb30a9a0c,102900.0,96407.96
667de8485a28533b7b01ccdd,160000.0,133678.9
665656cb5f5d4ee6600256a1,185400.0,247240.16
65b8266f98aa768b410a161e,139000.0,156281.84
667dcbaa24756b42100bae13,176000.0,173837.48
667dbab6e868bf581d06930f,159000.0,163458.23
65b7d3e0f4a1543358012d70,162400.0,148333.2
65b7d3dff4a1543358012d67,65800.0,66124.42
65b7d3def4a1543358012d64,89250.0,85638.95
6606ee7487281e4c97050275,200000.0,134988.11
6606edcf9ff1dc38fe0ee564,169950.0,216605.94
65df5fb5daad886d72083903,160000.0,206423.92
65b7d1ddf4a1543358012d1b,67000.0,95440.87
6655f80a1341f30aac0819d9,148700.0,141826.66
6655f7021341f30aac0819c0,299000.0,264398.25
6655f65f1341f30aac0819b6,114950.0,108463.1
65ca153d48933f3e6307224f,97850.0,123959.08
667d82c2a3b0f24e1e004c66,65000.0,74170.58
6669c8ae663888dc9306d5e7,199400.0,189904.14
667d7fb31dbf030f1502ec74,74100.0,91839.87
63f0ce046a9caa210103add9,103000.0,105871.38
6606e0ae1494014bb3022dba,210000.0,153674.66
6664b8e415404eb1ad00aeb4,60000.0,56906.297
6655eba8ce9d51e3d40b3b0c,200000.0,301898.03
667d779164a9b419b004a082,205000.0,252764.27
667d7773edbbbc2204043afd,55500.0,49423.414
6655ea08ce9d51e3d40b3a67,126900.0,126844.3
65bb8c6bd9669cf80405df11,55000.0,65792.83
667d772d64a9b419b004a059,433000.0,164112.25
6606da161494014bb3022c19,177680.0,161277.22
667d756b64a9b419b004a009,370000.0,482654.1
6655e6493e74c2d4de0613d6,127000.0,152649.27
667d739664a9b419b0049fd3,118450.0,127789.516
667d7233edbbbc2204043a19,92000.0,89124.73
667d71f964a9b419b0049f62,424000.0,368116.16
65b7b822cbedc91b140e1d33,165000.0,218045.06
65689d4b7eb8cd4bf00b5ba2,83370.0,96270.805
65689cfd7eb8cd4bf00b5b87,70000.0,66745.23
667d6e8ca70cf9081e0b49a4,183000.0,245026.31
6655e069ce9d51e3d40b397d,122000.0,100251.45
6606d2a016fa777f7900f8e5,165000.0,165856.11
6606d22716fa777f7900f8c5,135000.0,114080.22
6606d22716fa777f7900f8c2,147000.0,139988.88
66017b688b3caadc8801aa85,270000.0,307542.75
65df3e32421726de5501b85d,243600.0,223001.94
65b7b123cbedc91b140e1bba,134000.0,143302.98
667d647283a1c3c0f80e5639,160000.0,154602.53
667d647083a1c3c0f80e5630,92700.0,87907.34
667d643f52b52bf23f080e39,75000.0,59030.965
667d643a52b52bf23f080e2a,79900.0,97021.05
667d640b3e52faa30f04648f,117000.0,124581.43
667d640a3e52faa30f04648c,118450.0,119632.64
667d640683a1c3c0f80e55f9,86700.0,82965.68
667d63b16232cd84ed062e85,230000.0,172669.72
667d63696232cd84ed062e77,72100.0,96506.64
667d62e26232cd84ed062e33,88900.0,85249.695
667d61456232cd84ed062dfe,126123.0,125036.13
6655d2e9e3a74378180062ef,67700.0,72563.16
6655d2e8e3a74378180062ec,105060.0,94070.09
6655d07a52f60016940454f4,103000.0,103312.88
6655c96952f60016940453d7,270100.0,231106.47
66102ff5693e9206fe012b7f,390000.0,311239.9
667b4d93fedb1805500ef259,575000.0,378679.12
65df28b9a18424eed50f7e96,158400.0,177982.34
665d946609a093043a06aa26,48500.0,47401.785
64e0864dd2d3e87f3f0a1dc5,145000.0,188730.16
64d4a8d0eb4af31c45077c67,97000.0,85241.99
6655bd17ad0526de8e0433e4,373000.0,333443.03
65b794349367a140f80a6413,115000.0,155123.58
666968c2f42cd8c793093a63,106600.0,86739.81
662e2c2b386d376b5d07e4b6,182310.0,200312.1
6606a8c528924af0e80c92f4,138000.0,136431.38
65df1aa9b8b3c95b6c0d3b07,75000.0,81349.305
659000ccadcba0f36507531d,197200.0,199140.8
6655b641ad0526de8e0432fc,162800.0,186296.69
662e2808b66cd9abb808c956,135000.0,113172.37
65b78bd69111f8efc5023565,123598.0,111823.305
6606a5f428924af0e80c927a,74800.0,89261.88
6651dc104fb8ac0c2d06aeb3,300200.0,294676.1
66544ad3147aa4f5e30a4955,163400.0,169071.39
662e22a1fc1d9401b80c44b4,87550.0,88580.65
666f3d8d31c0db454d058453,164500.0,182187.55
6655acdab3f630f183097619,270000.0,281837.06
65282ce0f98898e65203619e,97000.0,105497.42
661ea94f462474afc9068704,137940.0,135638.69
664470014f28f1b5c10bc12f,142000.0,142119.6
667d36c83bba45de7c05ac64,150000.0,130175.984
6655a547b3f630f183097543,47700.0,50956.176
667cb85286e9c913d703a1df,99000.0,86815.43
638a0a34c56f287ede02e448,87500.0,75791.445
64f5bbd0cf279a6adb0f51b5,101000.0,89701.77
65703c4bc1eb96b03602f654,177680.0,187867.53
6628dca9d1c806bf44023524,242000.0,169890.17
663c9f19dc11e5f2ef061927,182400.0,137168.92
66503e02482d40b8ee00a624,114300.0,157558.67
667d2db245cbc49951001c63,51500.0,51424.35
660692e344fb80d6820b27e9,200000.0,178547.61
662e11895c81c2cb670a3263,236900.0,157966.64
667d2bb5cbfae7eaba03cd93,98000.0,91389.93
667d298ca0655321e309a2c3,433000.0,291914.2
66475aed5a0ba2cd6a068be3,220000.0,244409.72
667d22b76e71e347f5084854,182350.0,172895.84
66558e3f73f945d7220c2946,103000.0,95764.95
667d180deb4117bc110d1ed3,283370.0,242115.06
662dfa519bc28c52080d3905,54590.0,71028.66
64dc79dbcf0b40c1d701cf20,72990.0,69604.125
6675284389db0e6a1b043de4,104990.0,106640.29
667d100f69956e6f650637d4,66000.0,64120.547
664d03e063cf0ef8f60c91b3,70000.0,71472.59
6675fedfcc3e1ed6d30d4ed5,115000.0,104830.57
6675fee2cc3e1ed6d30d4edb,87000.0,92270.37
6655fac81341f30aac081a75,148700.0,142804.2
667d7ec0acd0fd86190418b3,184990.0,193305.55
653e595781cc27ba17071ed3,76900.0,81656.57
667b35b92384ec28fa0db417,125660.0,113547.055
667bcbcaffdccd168a06dfa9,86500.0,68632.38
6489cd25624505f3fe002e99,112820.0,146723.31
644abb07dc8ccef6c1020364,383211.0,381280.44
666c379e9f35cf19210283c4,315000.0,363862.7
648c678066d0e762300880bb,131900.0,127489.48
657984eb644b9f99e40051e3,53000.0,78138.336
666892ff88d473466c0d9951,214500.0,160130.25
663f37feee5b009af70d1392,85000.0,77428.6
663caf11e90d905c290d8cf6,73000.0,111279.43
64956fc955a9eaccdf0534d2,123090.0,131231.67
65672d35973567775f04da1a,420000.0,416542.94
667abc23a94ff958cd0669b6,360000.0,262471.88
6602e8b8069cf1ccd600a13c,120000.0,153816.03
64a2cad6abedce0c8b0e0120,152440.0,215218.17
66140ae8e8fc5ed8500f24c5,74000.0,57338.5
6676958996b53becce02a8cb,128750.0,137776.38
6672906dcf3c058d890b5b6c,197500.0,204811.61
66559e48a9113a3e420e1343,115000.0,92797.29
664f2d7c32d422f6f60b0156,100000.0,66864.33
6659d0d2343a73165f007c3e,59740.0,78487.96
6661b707b026db0a8509e6a8,66950.0,86461.375
65cba60d89d8067554003814,130570.0,192137.95
6453845fec782113a208e8de,103000.0,105040.71
6465eb4f03a2e3af2f0cdff8,169950.0,194422.72
661d519a9c6b487b930c931f,85300.0,89804.375
6657459b13221466e4003533,167690.0,153496.25
667570a0bb2e6e7e260cac35,97850.0,110168.52
653a4a4fe53dac86ad014334,56100.0,68780.27
6641d096aa5310ac800dd0d3,130000.0,137653.38
666c7864d1cd70a63305fec0,333000.0,331649.53
666a09462d0501c7b60da0c5,71500.0,56112.754
665cc45baf9bdf7a0d0d7a63,141900.0,148255.28
663a5b367e3dba804a029545,150000.0,118728.195
65f2c3a1c22b457af704c3a5,174999.0,178107.42
65392ac5b3b9970e5d00f109,100000.0,128867.24
652a9ea0f5b0221ede070b35,202500.0,158470.86
61692b3dda356e686c63e7f5,50000.0,61540.426
63fc6a2a8f04daac6e068405,105575.0,134890.19
6654cd85b2bf7a4ae802263f,375000.0,384137.0
66423f2a66cbba08dc096353,113000.0,112433.33
664dbf2edcec7af99b072078,225000.0,309045.03
667974dfc87362017801b8c7,93000.0,85845.41
661e8a18eb9f6c955e00ae9c,52000.0,74127.93
65b11f7abd61a70db00f9afb,95000.0,123607.266
662f6235693fe4d82601877a,420000.0,241193.97
662f7bf84ca4cb3861096b04,650000.0,423704.62
6668263ed4f4afde4c0c98e0,93800.0,95835.71
665479716bd9f9debb01c51f,125000.0,120352.81
65f5c9d4078fd2b1eb055f76,74160.0,82688.59
663a4c3534090d241705cffd,123020.0,135645.89
667ae1dac6adb6faa60ddadc,269000.0,138928.61
66435a73d5c999e508054cf3,100800.0,108733.91
660fde52ddb4424b720d61b3,123500.0,132890.5
660e877ffddb454ce10548b4,83200.0,91102.375
667bf9b8dd24afa781042694,72500.0,88076.02
662911cca0b4e548f706773a,148800.0,131865.48
6650a49af18f4b43ee004257,121000.0,142907.78
660c1134f1bf0e2f9e0e7cee,234500.0,204935.97
664329dea3373c3df00db111,100000.0,87305.45
6654574fd18814999301014e,141700.0,146740.83
65b3bdc5eb57108bf1091400,285000.0,193604.02
6643a8e88ce4a09442032cb7,410000.0,418204.44
6645e95e8981a32a1f01cd86,181500.0,223762.9
66585ce070b011456c051a24,60000.0,80164.164
664f878854759edfb40b5074,170000.0,130491.5
65cc6e8a5adf6cb331092a4a,107300.0,102342.31
5c8618102731711c731b8bc3,342000.0,343034.06
667b282b0a34025fd70ad7ec,82800.0,55414.01
66437dbe661a02f8720b3e18,310000.0,245892.34
66730fe22881139b470dc4db,250000.0,169652.98
633d8d8bdf4bcf20470e3026,40000.0,58433.75
666f5fe7a23a14c8c60f9d66,72000.0,64683.71
6668772d40522ce0df007b53,63000.0,81374.35
665b5245ed0f3849e802d543,40000.0,67633.54
665471fd37ae4c08010c7103,155000.0,156438.23
663e725a831477cffb0a09b5,96000.0,77628.52
65dc532abeaeb63b88039730,150000.0,219659.66
63f504781618cd866a08ab97,170000.0,137844.34
63a86d092a098ab8190171c1,199999.0,290014.1
66046feb3da24345460c04c4,325000.0,357502.38
6627fa0f947d9c58ae0cb736,250000.0,213555.8
65ab9fc40deecad39b0aeae9,48000.0,110760.36
663350cdeb45935f62037784,118450.0,76302.555
666b0dad8fba6a963d0ce374,155000.0,185550.53
6604381ee01dd6670306dd7a,92000.0,71071.44
65fd97f8ce594487600049a1,360000.0,268790.66
66746fec7e10b1c0cf0a4b1c,155000.0,139597.12
6630f4ed277839f2080414cf,65000.0,94809.07
6674123c81850d89120d3df4,47000.0,61225.023
660ffb6e8da99059640e235b,169000.0,124893.25
6589bb13c06ae829f50b494a,165000.0,166354.34
663d34a2a2e75b518e0e0c7c,94000.0,132217.17
6672ceb4959d42876e0882a2,75000.0,90503.81
66115aec1eef4f7069063a10,245000.0,336258.9
6501d50025cdc2dc1c0f0223,95000.0,104008.13
66799bd95a6adda0aa0c4adc,195000.0,182104.95
64d4e4357946d788630a3417,110000.0,113988.805
6651a18e12d910b9b40889a3,400000.0,303436.44
664cda3ac456dd89130a34d0,362850.0,296807.28
658c419dd58711b90e0ff3ed,115000.0,130363.88
660d3c65ebc444fed2056dc7,173000.0,187503.47
6554d3f870ca5f37610ae088,290000.0,184752.9
66015aaa998d477a6203d691,267000.0,314452.94
6630ecc3277839f2080413a2,201888.0,157111.56
6673efbd7ab539ea27038d28,128180.0,144399.75
666de1c12c8e29243a08cd03,60000.0,52204.805
6419bf0591aa3b47220e6352,265250.0,275349.44
65e9e0298370d592a20aab53,89900.0,89906.6
6630e6034feeaccc810b0098,80300.0,81768.25
6650a67af18f4b43ee0042b4,129800.0,130638.125
657b04d7eac2f2fd3d01e35e,88140.0,98678.85
6602bce5f93b06726f0a93a4,231750.0,293792.03
66795156de40c148f40a28a4,76000.0,73908.31
66506dd0c9a6b1aa0400da25,185000.0,183410.44
66634cf5264587dddf0abad0,387000.0,346371.94
660d9c2a6203f41c0c0e32cb,400000.0,592178.06
64fb47662225b501220ed695,389000.0,417384.66
65f1fae29fe4786d5208b0cb,299000.0,215321.62
6520318003f4304f300f4130,200000.0,175869.17
65fc86eac33e860a030a1d01,265000.0,238881.6
66729374dcc96eeae6093194,63000.0,80007.56
65f424850151cb8ebb049fd6,199000.0,171340.11
664b2a6185d5e0ac0e057134,356700.0,328117.44
66717db8addd390bd5018a86,98000.0,83854.75
66573669764890282403c3c3,297000.0,296645.8
662fe72c7cd0ba7bb70a3f14,57350.0,57758.4
6672e85b9de14899a70baad3,36000.0,50055.812
66141bd0b99e6a568100eda3,189000.0,207863.19
5a93e6bdadb1141fb074e227,85000.0,143745.53
6667b6b8fdd48921a10a88ee,110000.0,124161.664
660195213f96b4eb0404bc38,370000.0,337085.1
664b315fe7ad0728c20ee663,329000.0,310675.2
66446dbd4f28f1b5c10bc0c1,228000.0,239946.72
66267133c7195dd34f0f5ba9,387000.0,399625.03
660eee3019b0b5cac10e8de5,147000.0,147352.61
654b4535d9b112ce930994cb,176000.0,180889.17
666b2ce16ef9c2c39905c673,359000.0,460302.06
664b3a290bffe0306c0fc413,102950.0,126660.31
660d2fd3a3ec4daae5041e04,41000.0,71034.086
65d74ab2223a8c4ca10f7095,60000.0,70259.44
643a3ba16071324c3307ea6c,325000.0,269986.6
6414d60f8415a55b99026a09,95000.0,90795.23
62de45dd6a29f4453202b499,268000.0,297666.47
6565e75b4d48d4af6a0cdef4,175000.0,179360.55
65d8c27ac71b947dd80458d0,180000.0,304530.06
65d5f9472ebc409a1e02fd47,173000.0,151728.02
65521e08a79e428264045c38,72000.0,52859.242
6666ecc5de1a599355072294,110000.0,114824.055
65e5ecfb2d56c0cfe10bd8e9,94000.0,90714.7
6644ee1d79239ba961044285,73650.0,73267.57
6606af1a811f0c078c095ab9,456000.0,304556.25
665f2a6e0294342c750b049a,105000.0,80903.484
65b228d0a1727603a4037051,159000.0,261773.44
65c0d3d7a435f9473f06d710,72000.0,71591.73
661d2c73ae2b8e71310cb47e,108150.0,114930.0
654bc3e534a1b0059e0893cb,290000.0,212600.22
643166c05e36f71852091fe5,135000.0,124708.586
664607eef6abc1d960074a05,105000.0,104157.78
6647884dd2ca2dcf1a0b8328,68000.0,76165.37
654b796c70b62266b90d9e0e,44500.0,44722.074
6621039755e3852ebe03e5a4,120510.0,134432.73
66197f8fecb819d1e30a64a3,106090.0,123526.41
6669b88b63257ef7120b14b3,194200.0,176117.36
651c1f66e78ea5f6930c877d,91240.0,86142.26
6672cedbaff24a9d220c9e32,239000.0,336130.4
6623caf9063b4eb716077225,262650.0,222887.2
665d9ee57a23ce1e9b041dc6,80000.0,97433.02
6302437d27d1bab8bc08fa99,89000.0,108813.086
6645e8eb8981a32a1f01cd68,230000.0,162116.1
665ede723de50f48c60bee58,96000.0,106980.75
663d184acc872c9332093497,151500.0,148627.4
666639343dc0cb897208c05d,45000.0,57274.227
66717c161f90d36f83080d85,65700.0,65380.17
65e4717cfd160b87cf0d3faf,145000.0,183513.12
65f828b70e68b5ff17067120,96000.0,106630.98
65b80387ff7990aedb0fa616,52000.0,51636.055
65e1c8dd65a8da9af00507b0,178670.0,158518.39
66391ec0e0d312e8b0032774,177000.0,178344.97
666d89cec62114cde9013347,70000.0,89616.0
65579d8ce6a271ab690e73d8,155000.0,170407.27
666bdc6b34ebb3832009baa4,62000.0,92088.73
6662a94e8f55d86a9f02d838,53000.0,83655.98
5e16fc24273171619f251f3b,155000.0,143604.27
666acfa801c5d0538d01a5f4,133400.0,150260.06
6667ecceb1871dae3e007873,53650.0,66965.84
65ed68b1e1822ec58300643a,84500.0,102996.99
65ed746940cd6e431503df7d,111800.0,178667.19
6545051021ec0ae30b0889c8,69500.0,71366.83
6663e8ea04fd469c0b0f3624,178999.0,154798.9
665cbda52af7b88199043735,186000.0,156753.9
6659d1214946e5c04d08a0e3,75000.0,73472.875
64e366ab3d7550db960f5488,154500.0,157418.11
660d3cf32d7697aef4081847,60770.0,79290.445
65dd1db7912b4cda320d5b99,136000.0,126409.945
65df8503af2c545664021df3,345000.0,295280.53
667dad116ff61ae24c0429d3,250000.0,145726.08
6672a4c20ec692cba8029e8a,72100.0,70606.17
66561e139b6d2fa25306abb1,139000.0,181095.9
667da9fe6ff61ae24c04298f,255200.0,268757.75
664751e4809d73ed860632a3,66150.0,64365.54
665ab0690f12c6a12705eaf3,77000.0,72371.1
6675e69549c9358cb5074426,63700.0,76534.32
6656174a774b472e770beb24,103000.0,100617.03
65df76c2155b8378980582a5,260000.0,269699.38
65b7e95850c4f14446018942,84000.0,84499.03
65b7e95850c4f14446018933,86000.0,85752.414
65b7e95850c4f1444601892d,138000.0,140541.0
667d9ec77a2d2c2290041898,165000.0,214545.42
66560b66774b472e770be9f1,133900.0,132636.0
66560a0b815d9477f50dbb63,233399.0,192648.4
66560a0a815d9477f50dbb60,225000.0,212435.5
665606bb815d9477f50dbadb,463888.0,565485.2
665606b3815d9477f50dbabd,442888.0,445404.72
665606b1815d9477f50dbaae,434888.0,435151.72
665606ae815d9477f50dbaa5,280888.0,277818.47
65e8963b4afb3ecff00f1362,90000.0,98827.91
665605c3815d9477f50dba69,140000.0,141130.66
665605c3815d9477f50dba63,72000.0,89696.57
662e77edd0684a7f620786e6,70000.0,99803.016
6606f74b74c510ed9501a386,210000.0,241259.95
65df6948c94edaaf630088b4,65410.0,75275.12
664c72e54128a47c36089f96,155000.0,127498.02
6650c0944c9a6aa4ee06a145,125000.0,120601.945
6601b19e7a2a97fa090589b5,279000.0,284419.53
65df4956e46739a3d70939d6,90000.0,138207.14
62e4240cfad3f57b8c00787a,78512.0,79193.78
654fd33409daf5aa8b0c1bd4,58754.0,53074.562
64fc622324dec98eee05f6de,110000.0,139037.22
650e12519919d97c2b0fb39a,73000.0,56094.56
6099aaac6f875c606068b403,145000.0,147620.45
667de8495a28533b7b01cce3,105000.0,106245.555
665638c1662df945300fd384,46000.0,62387.1
6607268dc6f642263600f990,130000.0,105294.41
65df92d8aaf09ce14600bfe7,183000.0,161596.23
65b7d3e0f4a1543358012d73,96300.0,93679.88
65b7d3dff4a1543358012d6a,156300.0,120899.266
6655fc46815d9477f50db989,220000.0,152588.38
6606ee1c87281e4c97050262,250000.0,241338.19
6655fb3b1341f30aac081a86,214861.0,181637.39
6655fb3b1341f30aac081a89,148955.0,128531.836
65df5a3a67ea653c23020dfa,349000.0,310907.88
667d8352eef5ac51f8028274,92080.0,96841.6
667d82151dbf030f1502ecc1,110000.0,162261.45
6655f3541341f30aac081956,179990.0,175210.7
667d806b1dbf030f1502ec90,494400.0,398212.72
636e3135d9159d09de062428,74012.0,63286.453
663f360fee5b009af70d1354,206000.0,293897.25
6655efc21341f30aac0818ca,132900.0,127018.34
6655ef991341f30aac0818b9,136500.0,115913.42
667d7c1488c8b452d107bd63,193000.0,162521.16
64538c482812cd3535034d2e,151200.0,137534.27
6482f712bace7a7ca7074a5c,58500.0,58654.36
6655ebadce9d51e3d40b3b1e,380000.0,473321.9
6655eba9ce9d51e3d40b3b0f,136000.0,136731.0
6655eb99ce9d51e3d40b3ad6,185000.0,164987.16
65df50fb67ea653c23020d02,55000.0,100876.53
667d779364a9b419b004a085,270600.0,218611.02
667d7776ad9c4880c30510d5,45000.0,67282.71
6655ea09ce9d51e3d40b3a6a,118700.0,124035.85
667d7726edbbbc2204043ae8,114000.0,94038.5
667d76d9edbbbc2204043ad3,260820.0,216892.33
6655e8fece9d51e3d40b3a4d,138000.0,182424.83
6655e790ce9d51e3d40b3a1e,90650.0,134447.25
65b7b81bcbedc91b140e1d2b,100360.0,87823.19
65b7b80dcbedc91b140e1d19,123400.0,122476.32
65689d887eb8cd4bf00b5bb5,250000.0,139683.94
65689cfc7eb8cd4bf00b5b81,99500.0,121719.516
65689c5e7eb8cd4bf00b5b4e,133900.0,113711.39
6655dfd0e3a7437818006456,190000.0,230820.27
6585807592964bf81d00b828,82000.0,94550.586
6655d91206d9cf532d05a723,128750.0,129558.74
6655d773e3a743781800632b,34000.0,48505.473
667d647683a1c3c0f80e5641,160000.0,252096.81
667d645e52b52bf23f080e5f,76000.0,78852.2
667d645b3e52faa30f0464c2,135000.0,100577.3
667d641e6232cd84ed062e9e,235000.0,246168.0
667d63973e52faa30f046455,173000.0,176421.7
667d62f93e52faa30f046415,108000.0,113667.39
667d61bd3e52faa30f0463fc,75000.0,64399.195
667d60e36232cd84ed062df7,209090.0,181425.2
667d60d26232cd84ed062df2,145950.0,145819.14
65b7a89ec1d3f08e5d0a7078,123750.0,148470.02
6606c1aa9139675e0206545f,177800.0,156470.34
6655ce3f52f6001694045479,198000.0,198231.67
667d5a2b47327b54300145cc,110000.0,109097.44
6655cb5352f600169404541b,77800.0,64529.91
6676a43c201837418f0138ab,27000.0,16076.19
65e3274925a7227db00bddd1,140000.0,186089.75
660d57ae9f150f6e020f3105,89900.0,96506.09
660ffdd1eb91d66bb20e2195,108150.0,110641.875
661e56141598f530d60dea57,103000.0,98949.83
6655c96752f60016940453d1,138600.0,142655.9
6560f1f09f8ffa867c01d8d1,78000.0,78331.05
667d541047327b54300145b6,225000.0,218397.69
661f9942966440791605ab97,132300.0,145412.92
6655c3e810b7816e840859e3,91360.0,84555.695
66602c0b84def3e9c60d74e8,177160.0,253107.97
64edd1960225e929650f92d7,287000.0,215886.34
667d4cca748caf4236055754,68000.0,71945.93
65dde100e54413b64e063204,110000.0,139013.97
665732411ef76fe52b0ca13e,251400.0,264910.03
667d45372d4a642d1e083305,95000.0,90773.0
6606a90028924af0e80c9308,129000.0,125502.33
65df1aa8b8b3c95b6c0d3b04,78800.0,94510.74
662e2809bd763f3fc00b1365,131300.0,120515.32
6655b4b4ad0526de8e0432a6,128540.0,127244.95
6651d8cccac081155c038323,367500.0,327780.78
6655b085b3f630f1830976b4,251000.0,185111.66
6655b055b3f630f1830976aa,99000.0,99611.43
662e223499d98abfce0040b6,125000.0,88082.74
6606a23c28924af0e80c91e2,355000.0,349885.88
6655af5240c2ec1cc10d5894,73500.0,72054.89
667d3c67180858225e0b7858,424000.0,391857.97
66701fcc936cff69a606f983,52500.0,53284.465
630a361e88218e5cdb0b41c2,167460.0,180700.25
63bd9ffe54d7f33f30093186,120000.0,120314.18
667d320797d9cbd4bd05a6e3,95660.0,87193.86
667d311eaddce4bd0703a573,175000.0,136614.33
640c69c17ec306ebe20e7fd8,93500.0,80038.26
663ce0e3723f288a780a9d63,93730.0,107219.91
66559ad11c92cc665c06d3e1,105500.0,93157.4
667d22926a3ad6f39e00a064,80000.0,85987.586
66559406b36968b6020a9302,190550.0,173813.03
6655930eb36968b6020a92d9,86000.0,94773.35
6655930eb36968b6020a92d3,90600.0,84362.836
667d1fc27429240956002bb3,228920.0,159310.94
665591f2b36968b6020a92b0,62000.0,102919.18
64bfe442af521ea408010a31,191600.0,190158.39
6655fac91341f30aac081a7b,114950.0,107107.26
655e4853a1dcf42d680bc48e,136990.0,172894.7
6497535e15703795220387a9,92700.0,76444.13
6655e7d7ce9d51e3d40b3a2a,245000.0,297580.44
665d7437ae1d2e1bd6039aad,131430.0,119341.79
66603d5abacc9404d10bfbe3,45580.0,51904.52
667bfa83c48ba42c16093b07,72500.0,64451.312
644abb06dc8ccef6c1020361,335070.0,394723.44
6571e062ca7257263a0c41b8,83430.0,88927.91
667cd33f8b21a8726a035967,165000.0,170600.38
6655ce4252f600169404547c,121150.0,108035.164
6661e1736a05e460480bcaca,229000.0,268359.47
66530660d58f243867013793,144000.0,90878.36
659eb6e60f208a4649090d50,185000.0,175927.3
654cc0fa899c728c1c0f5635,280000.0,335165.03
660a87114a3f109eab077502,115000.0,117838.016
667d25bfb66fc921f5092cd4,89000.0,108343.336
666325ce3261e7d9120a9f72,250000.0,244557.14
667c9d643efea1b8d1082eb7,92700.0,96330.25
6616bb3f5ad298ac9301fea7,64900.0,74176.45
6606bccb811f0c078c095c54,85000.0,115076.17
6676f1a022b9858a79051f33,145000.0,196890.33
66704df2499992ce6e04b1c3,224100.0,216732.36
66696a2f04309ce0e5022563,210000.0,304756.53
665d7dc87f9099daca061c74,72600.0,74627.055
663945f5ca0ed53c2006d233,72000.0,78463.164
65e4e51b021aa0b8fc09a8e5,132000.0,180981.52
666b130e28c6ef9f910cbe38,214000.0,151777.45
663b2bcb3bce54177f076417,169800.0,193906.22
664df85dff9df03b930bda18,107000.0,143251.95
663a5b3ede6ab3c0e3015698,105000.0,102224.47
62601e9941ee1f20172b5f52,90000.0,115172.45
6495d541d4b78f25f70a1c04,288000.0,396178.0
651ac664fb653de850061d09,98000.0,132488.4
663b9c8b775251f36d060d58,125000.0,143016.0
6648da48d049106a8901bad4,42000.0,56240.496
66265723fc95598ab206a785,63000.0,85750.42
6622a529b7451f506c000b68,192460.0,184218.02
65ba7ead6d2b4003c903c838,390000.0,267492.94
6647deb6e07b20ae3a072248,95830.0,93024.07
664c7d3e8a57f692be025158,97175.0,92332.76
657334e26bafc8550609e62a,164900.0,280871.72
664b0e6010c7f5235e013e17,141795.0,173783.31
648315e5fe9b4464fe0d95fd,115000.0,160835.05
6661d079620eb658f50de222,195000.0,156018.67
666c7b74d1cd70a63305feed,115900.0,122118.875
661e4f2d4c33270834001d89,205000.0,238850.1
661e4f2b4c33270834001d7f,125000.0,123871.75
6645e95d8981a32a1f01cd80,121500.0,111497.766
665d976d96142e366301c1f6,138000.0,214773.3
664e26bf068bb8e5c807b515,186000.0,149208.22
64525cd386fea633c00dbd20,92400.0,92544.195
644a33016d863837460b5ba9,95000.0,92096.98
645bcf05e21c9e87020147b9,320000.0,372026.34
666ef307d324e6820906a9b3,96000.0,95272.52
6648a335876ce8ffa1037bc4,102000.0,103227.48
65c35a93052d5026940e0101,210000.0,219331.97
667ae7a6079fb7f0950052e3,221595.0,262900.78
667470647e10b1c0cf0a4b31,165000.0,187758.45
666563b23fffaa98280a1813,158000.0,128003.3
6639e5fd083ede997d03e51c,73050.0,69162.87
66471278cda10be47f084d35,66000.0,86779.21
667aa95e2c363c90450132b3,64000.0,57115.08
662111377fd7ab84f20f7fc1,70000.0,82939.125
6674047ceb6925cef6055419,65920.0,78171.55
6570ab8d2fce0277580c4bcf,286000.0,330549.94
662397ed1e23b2ed300ec015,179000.0,214510.45
66798eaaee5e4431bb04e62d,120000.0,99014.81
63c30fc0610a1dcf4c0c549b,60000.0,86529.68
664cc0c412c03b9f9503c0fe,698000.0,586187.0
6647df09e07b20ae3a072254,64000.0,84639.17
65d7dca307196963f201341c,103131.0,134135.52
65eb65a19c0e3b659c07a914,319000.0,311346.75
6659aa7d43738bef530f78b4,387000.0,402590.3
6643560185592ed44a0cfc19,250000.0,216385.19
662f846f68adfaad330e08c4,137000.0,135151.22
6676c12555ff4d32090aa7d3,195000.0,293496.25
667a79766b771745a801ee55,95000.0,85698.41
667a6f01f3ddd6f78e06cb14,110000.0,109461.1
66705ed2d66708662d0c904d,190000.0,147229.27
6660184d2376909e44020394,150000.0,151781.78
662f99c3e3ebbcb07f026934,225000.0,239818.69
65b686fb5da436857b0f1178,145000.0,146689.36
65b01e88e32a841d9d067723,150000.0,163879.38
66031e6e0fd68a60b606029a,240000.0,231788.66
659169f3c0516ee8480e8dcd,59900.0,59679.5
663e91a68a9b18481f0546c4,47000.0,51517.3
66605811a8df85ee1a0962e7,76000.0,73859.7
662a3ae563dde5bfc209c53d,42000.0,46565.05
66448b869882b6a4c1073324,96900.0,118064.33
653b91505452e4eeaa0c718a,75000.0,69280.305
6672c0f825f3c3735301c275,73000.0,87299.33
662a526f69f2176c0907fb4a,117000.0,122603.336
659e743510ba27aaf00f4c0c,44000.0,42400.906
663d09463070f4381200a678,176000.0,154065.45
66794a7198bf2d2c49045a83,193000.0,179373.6
661e7f28eb9f6c955e00ad49,94500.0,123821.414
65aebe28d2c1db08ef040acb,699000.0,647710.94
661ebfcf26072955ce060a29,138000.0,163328.66
658b259cc9eacc56400d23f0,179900.0,216361.86
66508c27f42713e713049f38,449000.0,364885.1
6666ec93f27d022e2b070673,399000.0,276480.03
6669cce8764b365b240b2470,154900.0,148936.22
64a6bc3a82c38a1ae0019af7,156000.0,274247.9
667321714341d33f2d02ae83,199000.0,144539.44
665ec6764769b23cbc0bf8d4,386250.0,355886.22
65fc4e2a78a7855373036fe6,82701.0,85620.664
5f6eee4c359f512cc31900e5,144738.0,161572.45
66784f04b7dfa4372f0b3873,220000.0,235964.8
6650750510f612cb940935eb,350000.0,338654.06
65d4b93c1bf47ce027016b02,126000.0,143686.16
661e87eeeb9f6c955e00ae54,139000.0,151831.9
661593a2455bcbb8f9076310,137000.0,141808.52
6664797b920818c9040f0916,80900.0,61755.4
665e02fb668d495bb809ea05,160000.0,165076.17
665db6c9fccd63d2ff008d34,46000.0,82546.56
665db56de533f85297005873,48100.0,79685.41
665db1adc8ae78a8ea02e214,51800.0,79685.41
665ad39f5212baa9090edf64,129000.0,150803.92
664b347058e398d0d60015c6,76850.0,78410.664
65acdce2185f0eadf6014e82,125000.0,114502.74
647ddfa290be8c253009b77e,52000.0,57436.14
638364308e6642321606a766,120000.0,92130.73
65fd68143dea86c89b086d29,255000.0,319782.53
65d89a68bcc5341100008234,283000.0,327144.94
66280c29e3445375e10389e9,51000.0,46855.76
664f61d7c90e0397060dcb7f,73650.0,73183.15
65d88a8e7b3c3518e70cc4cf,499000.0,316747.44
66278cacd3fc9d57230ceb69,87000.0,113260.14
6660a9f5deb2c2b69d0889d3,399000.0,412005.84
662777b87d94f176da095625,63000.0,50736.496
66598f2e9eda5ad0ce05aa43,335000.0,238981.56
66743fdb9cdcb73fd50c0e36,68000.0,73587.805
64cced987f7c63801f00300b,350000.0,292977.97
64e48c385c7a7325670f7535,600000.0,600222.1
653b82f37b2db68c9402f58a,74999.0,76872.03
6673f65c70af4621350c5e86,255000.0,189266.77
65cb3575ce96f63b4d07ed7e,137500.0,141934.6
664d9f24fb438b8b2a05f357,319000.0,235606.05
65805a06a63e2d24760e2ce9,90000.0,126303.91
666181840b794f8b180fef8c,145000.0,157508.42
65291d96aaa5e917140eb5a1,122000.0,105333.88
64d0f1a6c8359f54060c340c,154500.0,132639.5
65c226c6e196ad6ff60f89a2,99000.0,107489.914
66700d94b55e0f9fb80366a1,180000.0,151196.2
66718a1aaddd390bd5018b29,149350.0,110860.96
63f3622fa43ac5fb5106d845,332000.0,396141.03
6672e86c621a03ba1f04c100,67000.0,84410.76
664c8e6bd94aa4332f09a71a,242050.0,215534.88
667189cff1ac02907d0ac348,350200.0,251844.33
66645f1aa64d556c520217d3,360500.0,224403.55
6666d2ed479f873a4c0c0d37,84900.0,97302.43
667140ead1c3314588046e3a,49500.0,55801.387
665de57f0a91c137810b8986,115000.0,111830.55
6672cedfaff24a9d220c9e3e,180000.0,156137.56
65ab021f1c848d460902b572,144200.0,150428.2
66452647af7889e2ae03fb02,42000.0,66563.36
65d3d5f633717fb3b905196f,50000.0,66989.13
65f840e3a0acd1f60f064ef0,89000.0,69048.23
64ba9218756a5f387e09de51,62350.0,64117.953
6569c8ded156a10ae20748e6,88000.0,121019.84
63e0c61870cec74a9b08ce56,70000.0,68429.29
65425415abc5d379e90ad210,269000.0,183510.16
66200626a71f29109508cc18,120000.0,104155.47
667062ef3ebc6dd57803bd12,80000.0,58814.8
660ffc268da99059640e237a,43000.0,47743.5
65843fc9016553c32b0bc19d,72000.0,83003.47
666be6b72ae019b29707b114,79570.0,84711.06
6578704588499b023a0c5b17,62000.0,57137.598
6533f9838b70c5553f08d8eb,98000.0,99479.68
65f0872cc4c2b1b49e04f85b,110000.0,69087.5
666c78dbc19bfc76aa0fb383,315000.0,264207.3
66463432709e0a919b077f09,159900.0,162955.08
666083f2007725f1ba0d7581,333000.0,332089.62
66439df7266ce1ea3f0ae498,69000.0,79858.57
665b270ccacfded1310c693e,85000.0,69283.27
65aaa638e4e0be72d103c3e3,65000.0,76881.81
666198447e2fa171980ad115,365000.0,393717.12
6628066e53e33f84ae072865,51000.0,63604.297
66290ed2a0b4e548f70676aa,150000.0,167542.28
666d747ecefe03a5ff0c8c34,89500.0,104188.36
649ec54988712831530fa668,128000.0,150219.7
6617ee6ce7e21b0e9b0cb4f4,120500.0,140353.42
66697362d74cb699f00fed6b,94000.0,86597.29
5e16fbd7273171619f251f2f,103000.0,76312.38
5e16f896273171619f251e7b,82000.0,99001.41
65bd35bea0e37c913c01aab0,88000.0,69905.85
6669c851663888dc9306d5cd,255000.0,288198.03
6669b8ca612cbe63470a5c03,72500.0,65848.7
6669d9b81fdd9b4b0707cd43,149200.0,123303.68
66697411eed8ea308c0b02c7,85500.0,67609.2
65a0f7afc5db4d99f60a368a,169000.0,172956.62
65f17e96985cfd80f008456a,371250.0,240417.88
65df8f261106344396069e8f,72800.0,85894.52
665f144b8a1aa9f1ee0043a5,83000.0,85548.46
66573fcdc8a1bf56330679e5,87800.0,71844.2
66504dc378bc0c36340eeae3,175000.0,126087.42
663b52fd68306c302403f574,55000.0,77212.25
6659a830e21f86ecb606b233,85000.0,79565.13
665870351fe46b96c10a9367,77000.0,112723.97
665710da882e4842d403b394,50150.0,79781.56
660297f986321aa6d80d1ca0,180250.0,233081.52
660fed47a61d58f2a603db20,265000.0,208536.61
66561ef29b6d2fa25306abd1,70000.0,80367.83
66561e149b6d2fa25306abb4,218000.0,303139.97
667daa9d6ff61ae24c0429a5,126123.0,123470.11
6656197e9b6d2fa25306ab53,85800.0,80219.03
6656194e9b6d2fa25306ab3c,97850.0,99301.74
666536eededd335433089313,78000.0,77689.75
665617f0774b472e770beb54,255000.0,259145.33
66070a68e8691baf2a0183b2,285000.0,279852.56
667da275168059b6340634d3,373380.0,261714.7
65b7e9cc50c4f14446018963,197000.0,201741.73
65b7e95850c4f14446018936,86000.0,73796.93
65b7e95850c4f14446018930,86000.0,73796.93
65b7e95850c4f1444601892a,138000.0,134587.73
665611ad774b472e770beab0,33500.0,46925.004
667d9efc4e3c3601bd03d5b5,105000.0,158253.83
667d9ec97a2d2c229004189b,92400.0,99209.3
667d9cf74e3c3601bd03d586,198000.0,91517.92
665606bc815d9477f50dbade,738888.0,488895.44
665606ba815d9477f50dbad2,562888.0,506938.78
665606b6815d9477f50dbac9,520000.0,455608.34
665606b4815d9477f50dbac0,434888.0,434706.16
665606b2815d9477f50dbab7,532888.0,478411.6
665606b1815d9477f50dbab1,566888.0,494197.3
65f4637f4e1d4d18610dd63b,96500.0,104156.04
667d93a17011d9ec9a035d41,110000.0,96589.93
6606f5f474c510ed9501a212,312840.0,294144.8
667d8eff7011d9ec9a035cc6,195700.0,179917.12
667d8ef47011d9ec9a035cc3,68000.0,69462.0
665601dc815d9477f50db9f8,339900.0,367035.25
6661c8ddecdaafbf1a03a634,145000.0,185497.03
6537823ab5ae3ff47c00e613,61400.0,61299.117
667e1fb3a1a15e1d7405445f,172800.0,188668.78
667e009fc9d8ba35ea0870ba,250000.0,191248.67
66566a2a987ac00ccd05abe3,104000.0,117541.97
64481a224e04361eb00415f4,60853.0,64997.984
654fb6f36acdbfb59b060312,52635.0,54621.297
64da8ba2a67d1a5541064dff,85000.0,68902.03
64242f397768857e8002ed40,73500.0,77413.44
6494c9634ec3011f010fa824,87789.0,69840.336
66074acec88a9f02ab0a3d1d,218900.0,194464.64
665656d35f5d4ee6600256a4,162750.0,127934.94
665656ba5f5d4ee66002569b,103000.0,101251.85
665651285f5d4ee660025655,126690.0,110553.93
65b7d3e1f4a1543358012d76,89250.0,91214.58
6655fc7b815d9477f50db99b,60000.0,65143.543
6606ee4a87281e4c9705026f,130000.0,136950.23
6655f8b73a00fbcdd70db773,105000.0,78386.72
6655f80b1341f30aac0819df,114950.0,107107.26
667d84ea71826cd7d6063a53,86860.0,93805.19
667d84e81dbf030f1502ed26,100000.0,113313.91
6655f65e1341f30aac0819b0,148700.0,143633.03
65bc0c52b256af727507fdb4,50000.0,42656.58
667d83121dbf030f1502ecdf,44000.0,57620.63
6655f34e1341f30aac081950,120000.0,154975.52
667d7fb31dbf030f1502ec6e,114000.0,131409.64
641b19fcefe74bf249011627,83500.0,145181.94
64bbdde3d6dbe5a0f402c1d0,69999.0,93648.6
6655f0ea1341f30aac081928,139870.0,128347.81
6655eb91ce9d51e3d40b3ac1,435000.0,345427.28
667d778e64a9b419b004a07e,74000.0,103639.79
667d777c64a9b419b004a072,51500.0,77806.64
6655e9ce0b253222fd01e6a4,125000.0,124838.66
667d749626a44de3d90f2b13,82400.0,82173.91
667d729064a9b419b0049f81,118500.0,105358.15
667d71d1edbbbc22040439fa,139900.0,112733.55
65b7b81acbedc91b140e1d28,179875.0,152131.69
65b7b81acbedc91b140e1d25,149170.0,116236.76
65902b1c301c2b5cb7070fe9,123600.0,134763.45
65689d197eb8cd4bf00b5b8e,137600.0,129400.66
6655e04bce9d51e3d40b396d,49500.0,65589.76
6585807392964bf81d00b813,57121.0,62611.77
6662c25f4a7c767b5008cc12,145000.0,249549.14
667d644f83a1c3c0f80e561a,180000.0,175275.42
667d644e83a1c3c0f80e5617,235000.0,228713.03
667d64406232cd84ed062eab,122000.0,106831.086
667d643952b52bf23f080e27,165000.0,353733.44
667d64113e52faa30f046492,76360.0,68293.46
667d631f3e52faa30f046422,137000.0,237329.22
667d62c752b52bf23f080de5,113650.0,106491.59
667d629f52b52bf23f080dc1,91200.0,90096.055
667d629f52b52bf23f080dbe,121800.0,97888.75
667d607052b52bf23f080da8,170000.0,188109.55
6655d0ec52f6001694045503,131000.0,130738.6
6606c15de7ffca3ce5010a04,85000.0,280579.94
667d594162792484120dc064,133000.0,158065.17
6655cac152f6001694045410,177500.0,244871.05
667d5784e16afa58a007f654,86600.0,84839.25
65df3305a18424eed50f7fe4,84000.0,67955.94
65e30b37e585e13b980524d4,180000.0,339603.44
660695d8a2e61048cb06a78d,93000.0,98650.53
66278b9b72bf7ed16205a56a,39500.0,43484.125
667d544a90ee998a4a0ef36f,245000.0,340306.6
6645cc9b3fecb3483e0ed699,349990.0,349597.34
659e9d5bf7384192990472a9,115000.0,126829.625
658400e9ec641f51f30f2ef8,149350.0,164178.86
662e30dd93d7e017b60bb866,106090.0,106994.055
6560936b591ecf5f3303e85b,200826.0,247304.61
662a2d4f87777665990cc389,251550.0,311033.5
6672eb21621a03ba1f04c181,450000.0,408264.53
6655bb82ad0526de8e04338e,280000.0,186137.62
662e29dbf520eff46605a1e8,66150.0,81041.625
662e298788d989422c038546,103000.0,101545.77
6655b699ad0526de8e043322,111000.0,162769.75
65b78b4d064319a282044b89,185900.0,155695.78
6655b21cad0526de8e04322e,128540.0,127700.55
62f3a4b172196bf19e0251be,152000.0,191173.8
645985355fe98f18240123ce,225000.0,304273.8
654f64e650258a34150ebc5e,63500.0,87026.98
656fc79e51de883ec80611ec,127500.0,144946.9
65b7801b3e8616550f0e1978,180000.0,117682.58
662e189d6d12e707a703c304,87550.0,70901.414
662e172ca7e0e8e3960734d3,103000.0,129628.35
662e168edb524e5a400b1049,164800.0,163994.53
662e1603d7099d54520df7b6,149350.0,123651.914
660697cafc76ce397b062f74,84460.0,109468.75
662e13b4c37cd5ed8401dd34,99500.0,99270.625
660693bea2e61048cb06a74e,129800.0,140328.48
65cc932af63c696b5e068597,224340.0,206279.67
666aaca0026abbb7550abc33,203600.0,190531.39
660691ea3106ace70b081704,60000.0,82452.945
667d278524d8adb928077ae3,131200.0,116933.47
63f754db94b348623107899e,168000.0,193915.4
64a81f9889d817686c037580,425000.0,424090.34
667d21a37ff6865baf0ebb03,94800.0,73710.01
6655930eb36968b6020a92d6,82400.0,71075.36
660684ecf952f45fc9025ba7,165000.0,177521.94
667d130e5adfd5a411073803,74160.0,63211.066
665585148d38e04f9c06ddd4,126600.0,149480.53
65427bc8d39ca88dff04b01a,148320.0,166048.88
660177fc8b3caadc8801a9d6,349500.0,261276.4
661fae1904958e37ff06eebe,115450.0,112305.06
661f98136f73db62280ddf24,129200.0,156719.94
65df7631155b837898058288,297000.0,293753.22
655e725400123dc04602cfad,138020.0,168404.75
6655eac73f4677301404abe7,61500.0,79964.34
64d24d23c07ff0d60000018f,56500.0,56568.957
65a80c5d6c8c2e2f9007400e,86120.0,55953.27
6641dadd9d5e0bdd65077463,108000.0,125372.11
664f350ff8e26c62160a7a1b,67700.0,71697.91
665f048d3ab9e160ec04992f,63860.0,79146.69
660bed9580d5b5fe0a04e1fb,145000.0,142522.52
65e87ff13570450c0c027618,220000.0,278491.9
66507e0cb5a199187503b3f4,72500.0,64469.625
650cb39cc80a48abf3092537,600000.0,599884.3
6671a7767deb45b120003d2a,85100.0,82715.9
66714e7b7101fe947c03ccde,132500.0,139049.27
65aa66b575f4022fe2029a97,133900.0,161663.31
662bb5f66e4a24b70e0b3498,190550.0,208969.22
666feefc99e5a5de35056412,83400.0,80379.945
6635db5cfd4de9f602048fc3,280000.0,322575.12
6658c030409367eada088614,58000.0,90040.11
664646eddffb11b9b5080bf3,53000.0,52507.434
662aac8b9ca92b41b50d1e76,126500.0,145812.84
65cb344c025b28991b0ea9d3,103000.0,102585.54
664f3d10711e5291e107b783,199000.0,169518.64
655c7640530846de910a5c2f,122000.0,159927.7
664cc0c012c03b9f9503c0fb,507000.0,386172.53
655777554b7e136566074d55,235000.0,244624.92
6671972b0893bf4a6d098a32,122000.0,135226.5
65fdcce852d2bdef7f0f0e91,440000.0,396025.0
66601eed504561aee80c0e15,197000.0,173435.73
662feb636a7b11db0903eb31,99900.0,97464.086
667c22817a762d8be403c163,40000.0,39265.29
664e26d93beaafda250a2cf4,290000.0,271830.34
64f0748042a87037880b1eb6,426400.0,475467.34
66549504be1ea67083052b5e,65000.0,46692.88
667bc257e65293bb820f16bb,88500.0,85995.03
658d88ccf4e84c7ff10accae,128550.0,121367.12
65855829217ab8626007cbf4,95580.0,63887.87
666c1a97de8dc9874a06cabc,47500.0,47925.0
6569e3405239983eb4016c53,75000.0,60630.242
66702b532e73c07c060302fe,58500.0,62251.914
66464ff7eaf7b21cba04b4e9,119880.0,129043.08
6660ca1ccc90f2d4810a2d16,106190.0,107307.25
6628fafde82730e3ff025f88,76860.0,72443.6
667b3f17d5548d14cd0e7fb7,174000.0,168662.62
65e8fcf9e587d75dce074e6f,160000.0,110853.56
66447d230d707b73cd069f13,130430.0,99994.73
65e9f92c274a1b13bc035e4f,106450.0,120223.42
666821aae5b466919d0b3db5,108000.0,124659.12
66729f940ec692cba8029db4,210000.0,196846.75
65f17c462fba2a50280baae1,69000.0,60741.848
667043a09177b557f70373d8,79000.0,71208.91
663cf62a9bdb2baa880e0465,245000.0,413859.84
6645f1dfdf69ac99f3060344,106000.0,146036.31
64b583d5183eab58830dad8f,125000.0,178870.0
665df8fc06dc057346058332,123000.0,128991.28
66293d64d193a961a40e7380,186250.0,221365.86
6669934727f8f0cbb100f6ed,85000.0,82706.96
66671b9cab8b3c7aa3082964,62000.0,66844.61
6661a5a095d5a8b51a074cd3,170000.0,145155.34
5b9e6536ad850213d814933f,60000.0,63374.473
653a67daaa712a1ce80c709b,86000.0,152423.44
6609d8f012d42ca674066271,117750.0,101383.14
6675fee3cc3e1ed6d30d4edf,77185.0,68935.13
65aa76d1a6dc5b0107022680,33000.0,46794.906
667a9ec70655c98b370241f5,100000.0,88895.23
665f425cdbe901d4c804e18c,87800.0,83868.76
624ec2e83de2de038877f2a8,180000.0,180906.73
65eb1f53f80d80961f00ae39,165500.0,149065.72
63ef38ab11aa0923000028ab,230000.0,244687.97
6623a5f25c9464a7530daa44,118000.0,108944.195
664f0775c48aee6fdd0106e3,78000.0,86306.39
66717dd1addd390bd5018a96,101970.0,98946.96
663bb820def080f892002492,88500.0,98612.97
663bc624802f0c2ced013c79,98500.0,137846.9
65f888a2101bd322770e6790,175000.0,161185.34
6647cfb402eb058f6803ad1b,58000.0,53558.094
65f8c8b5cf16a51d7f0d830e,139000.0,165732.61
64d3caf1d5161b906f08b463,119900.0,134516.36
65c617109643e311fb052422,75250.0,84947.305
66798f00ee5e4431bb04e644,149000.0,172683.84
667a78360351f845ca082ca4,53000.0,105927.1
6661a61512220acb150bbb23,449000.0,446653.94
667a537cebe1467b830a63a3,165000.0,137498.61
66733ca4924d27f244078003,62000.0,74218.04
6666094cb7a5bf1a8b0e60e4,185000.0,205569.61
6645ed484a81d40b1c095213,165000.0,213606.33
65c22a4b7518b47af208f085,119500.0,139833.55
62c43b83eaff7c4a870bd6d4,112000.0,127753.81
66410ae58b266dd251026f43,90000.0,75481.43
64e74d8434d261852f0c8767,174000.0,157009.34
661ce71c4ab9a7abf40dfbe4,100000.0,111408.52
666825abd4f4afde4c0c98cf,142150.0,110569.95
66796f9de90c9d58020cfbb4,59100.0,62326.99
6675709cbb2e6e7e260cac32,84700.0,82696.18
66182ef951eb6aaf620a3b12,90000.0,66654.0
66794fc2e63f1e17a2075d53,56000.0,56676.68
6524260b327129695c0f6f4a,122500.0,97480.48
664f5c7eb9ec4b90f202fb6a,229000.0,338639.94
66267700c18264ad4e002256,52800.0,82215.8
6672dccf3e784757d20a95a2,121900.0,120412.43
655dd82db374db20b5096665,193770.0,170653.75
65859efbeaefe7a2fe09d823,146900.0,170480.84
66575b33090182920f0a4bb2,201000.0,170140.06
652a4f18c7765a86ff00e209,60450.0,69247.63
665f43694a1eb929030f57f6,320000.0,227924.83
664a66b47d107dea130d1a93,110000.0,121204.36
6577940dd043cfb19c06bc69,135800.0,141950.48
66782d64204f7c1a97045ba6,105000.0,110321.6
664dc45712c2f3083d02ca5a,150000.0,106561.22
664621b323966383e10df94c,190000.0,249301.5
66422e851fafd205aa0b7bc1,117000.0,150266.08
662017b57e0a76bd0c00ce26,230000.0,198750.6
660ed203b5409ec01c0c9693,258660.0,310419.03
660d484ead58e997d2089341,240000.0,238054.83
6661fb803faf464db408fb80,360000.0,272934.5
6673f66e70af4621350c5e95,86000.0,87782.82
666c52dda325c1d48f036323,210600.0,190424.81
6671ad3bdd1280316e0fcd69,75000.0,69382.93
6671948330368dfb180aeaa7,145000.0,135201.69
66703abb133b50d165053cb4,59500.0,87529.82
6656ffea2c9effa51602a5d3,225000.0,208142.83
66194b6014e51eca3f050245,97000.0,115276.63
6410aaf2a528d971e605c716,125000.0,121097.48
66071319f526ab6b8b07b3aa,259000.0,230369.66
65c214b833673c3ee20fffa7,210000.0,204915.61
65b3cc7f061d2c0fe50c55eb,132000.0,127189.62
66616ee7cb1f3b1b45013d4a,140000.0,108200.38
6660396cbacc9404d10bfb6d,225000.0,214071.64
66767f2c7bf4a69791025286,93800.0,79246.63
61c9b2fc01c4887e914d7bc3,129380.0,128672.17
644aef46c3f654237b0febfe,45000.0,75267.87
666bff487ff6e00825050ed4,150000.0,179437.3
6548e8a9943c6a12b60c59ba,58000.0,62611.387
649340bacef10a5a630c8f6e,105000.0,76017.52
65c0d3d7a435f9473f06d713,85500.0,105583.33
65c0d3d7a435f9473f06d719,60000.0,65890.055
665871ac21bf0a716002eeaa,117000.0,150388.92
64cb9c36f5b5d4fa6406c78f,110000.0,137826.44
65f1c0ec2240b159840da4e0,189000.0,232141.19
65a81a15f5fecaa6b70b702d,68000.0,66749.97
6672f68225e3c452fc0a94e8,117000.0,129328.78
6672aae37a4f3ae3c408f3c4,147680.0,131364.45
66718b30c9ca9d1a790c0a38,209090.0,191809.23
659bffc3a729e1740a01e124,113300.0,121462.664
661f870f7b735c3aed06cc56,123600.0,131653.78
66197f040a24a2af450422a3,90800.0,87002.73
64f9ffa41af11c1f85041895,419000.0,423618.1
6669dab76fc4a07270084276,106090.0,110121.39
6672cee0aff24a9d220c9e41,150000.0,164578.47
6617e70521913093cc0a7616,53000.0,63950.727
665dd7c7caa4826ab601ee05,54600.0,57516.91
667205750719ee11f107e141,91050.0,84930.32
666c6edfa0ca9da3af00ea92,150000.0,133530.69
64c7a20fee2271757904af76,225000.0,224871.55
665de863aa29dfa3e2048374,380000.0,325692.38
65fb6c404a539c5cb10d7272,725000.0,623545.56
665ae61ad6909c0cf30303e3,122570.0,144922.8
65b8e368bc44835f8609c2eb,108680.0,134390.45
667152db93c4b0c5b20f8ce6,339900.0,253488.78
666963f8a1bc6f4d410fb5f3,136990.0,113131.22
66704ddcad8d80b0ad084c33,580000.0,434050.66
6621318ca6cb16d0d60ad91c,125000.0,145800.3
66702cbb0538eeccbb09a089,305000.0,411649.72
65aa73da1382e2a4f8073c6b,271000.0,277457.7
66618a35afe6990da3081358,470000.0,367470.53
665aeebd4f21895d0d00407d,85000.0,104700.31
65fb0d94c892c50dc60b0cd8,88000.0,110336.09
666c6b570d7da67eeb03df07,79000.0,86524.86
666c6b580d7da67eeb03df0a,90000.0,103189.81
6669817f9302c561d30be555,99900.0,95929.28
666ac4c3c7fd3142ff0bb7e3,257000.0,211603.48
656890c17eb8cd4bf00b5a3e,350000.0,343034.22
65c6130abd6aa6459a0e2a53,129640.0,170808.7
6661a67901ee8125bf062764,93000.0,82932.64
6568bc4feaf47f48d6016503,57900.0,70865.44
66601621324a14dcf70c5404,105000.0,93188.086
6648a9b6d15807eba807d7f3,210000.0,187165.92
65e76e8e67816263060964ae,72500.0,54496.117
6656f851bf38ab37490527e4,66900.0,74040.17
6613df05ed7dc016c80a8613,72100.0,83900.93
660fed49a61d58f2a603db24,162200.0,179344.23
667daae49d0940e4cd033e3b,93000.0,126215.586
665617ef774b472e770beb51,144000.0,133302.78
66561749774b472e770beb21,173250.0,132587.81
65df7c77af2c545664021d40,129900.0,126416.39
667da469172ded3dee09fb73,53000.0,79286.625
667da13e7a2d2c229004190a,250000.0,152351.23
667da08d16b2fcbc6b024993,144200.0,172349.62
65b7e95850c4f14446018948,134000.0,158333.36
65b7e95850c4f1444601893f,136000.0,136530.08
65b7e94250c4f14446018910,173000.0,185513.52
667d9ec67a2d2c2290041895,206000.0,166518.64
667d9e417a2d2c229004186f,170000.0,215172.31
667d9c87676ea79a4b0626e3,89900.0,69492.88
66560a59774b472e770be9a9,165000.0,166894.02
66560a09815d9477f50dbb5d,255000.0,273511.34
667d93573d5b71b56902f213,49000.0,48583.83
665606ba815d9477f50dbad5,537888.0,461215.84
665606b2815d9477f50dbab4,445888.0,436975.3
665606aa815d9477f50dba9b,651888.0,492570.56
665605c5815d9477f50dba72,85000.0,111793.26
6656054a815d9477f50dba55,126000.0,117555.02
667d901695d8aba1a8069af5,56000.0,56793.62
667d8dc09a4b4153820ba7c7,240000.0,84063.32
663bffa1ead6b89cc50b80b7,119000.0,71351.41
6542569a64736a239c0577da,50000.0,52647.18
63c92ef48216b21a1c0a8b55,57083.0,69403.555
667e00a6c66c6472290d0b63,199000.0,151403.33
665667b3e376ef03680b33ff,80000.0,75623.53
665667b1e376ef03680b33fc,112000.0,113450.734
63669a41e9a6dcd457064b15,67757.0,70151.93
645a8ea6fb61435e630bb8dc,58000.0,60404.695
654fd33509daf5aa8b0c1bd7,60726.0,59907.78
64efa3a85434151fef0a8f27,120000.0,108259.83
63fd3ec1ebbe0614190b893b,65000.0,63232.906
63ee4d4ad2239f02c00f80ce,138600.0,124516.055
63792b6ecdbbc003df0d2664,61800.0,72312.38
65dfc34523f7720a810e0fdc,159750.0,148587.62
667de8485a28533b7b01cce0,81000.0,84953.984
665651295f5d4ee660025658,168700.0,181530.6
662ea2f2e089b102090021f5,108367.0,121862.83
65df60c3daad886d72083959,109275.0,183998.47
65df60c2daad886d72083953,78640.0,70336.99
65b7d3e1f4a1543358012d79,91420.0,71615.08
6655fc7c815d9477f50db9a1,105000.0,106831.945
6655fac91341f30aac081a78,187600.0,183561.44
65f847efafee17adaf03218d,87550.0,95632.516
6655f65f1341f30aac0819b3,187600.0,183561.44
65b8e8dd7d1cb100f80c1dd6,113000.0,115322.44
667d7fb31dbf030f1502ec71,140600.0,147841.69
667d7fb11dbf030f1502ec68,191750.0,212988.8
6655f0e71341f30aac081924,211200.0,163900.06
667d7e3978d084b2480add43,134700.0,139635.25
6655ef401341f30aac0818a0,95800.0,104400.14
6655ee5e1341f30aac081875,118700.0,123990.15
6655ee5d1341f30aac081872,126900.0,124854.414
660a84f6ed08bb59bc0e9d75,105000.0,86177.414
6669d7752fdf11503a072055,69000.0,77352.94
6672d7dde85e00715d0a2877,32000.0,36174.62
667d779464a9b419b004a088,75000.0,72410.77
667d7773edbbbc2204043afa,76500.0,75321.01
667d76be64a9b419b004a046,114000.0,103143.65
6606da241494014bb3022c1f,160880.0,147097.03
6655e7c1ce9d51e3d40b3a23,168700.0,193696.56
667d74e0edbbbc2204043a97,154500.0,115921.07
667d7259edbbbc2204043a23,204560.0,177042.25
65689d477eb8cd4bf00b5b9e,156560.0,94399.375
65689bf97eb8cd4bf00b5b37,92700.0,139541.55
6655dfc5e3a743781800644e,219900.0,251683.72
6606d1d716fa777f7900f8a6,199000.0,173323.02
667d24bb19f4be2c61069d73,58000.0,54785.914
667d647383a1c3c0f80e563c,105000.0,126634.6
667d64586232cd84ed062eb6,110000.0,152738.72
667d64576232cd84ed062eb3,92000.0,64916.883
667d64416232cd84ed062eae,350000.0,346377.88
667d644052b52bf23f080e3c,107030.0,100969.43
667d643e52b52bf23f080e36,97300.0,67802.125
667d643d52b52bf23f080e33,375200.0,263910.94
667d63d66232cd84ed062e8b,149900.0,135670.36
667d62fd3e52faa30f046418,112270.0,117415.336
667d62fb83a1c3c0f80e558b,33000.0,48263.13
667d62c652b52bf23f080de2,179250.0,174443.06
667d62c552b52bf23f080ddf,159300.0,161649.14
667d629d52b52bf23f080db8,74000.0,64485.734
6655d2a4e3a74378180062ca,58700.0,69453.94
65df36ec421726de5501b81f,240000.0,173463.84
65b7aa17c1d3f08e5d0a70c0,104400.0,110712.24
667d5fa652199e83080ef263,46000.0,58776.082
6655d1b552f600169404552f,90000.0,109317.91
6655d11a52f6001694045516,220000.0,213545.22
6606c1a99139675e0206545c,112000.0,113860.586
6613e8758af513d9ec03ab18,180000.0,178478.95
6655cc8a52f600169404544b,131000.0,132315.38
6655cc8752f6001694045448,198000.0,198061.2
65df2ff3a18424eed50f7f13,189000.0,218682.06
666c0a3916cdbf1b36077467,115000.0,82008.4
6548cb705ccb6bd873073d33,44500.0,47034.617
660695d9a2e61048cb06a790,66000.0,80211.34
6655c96a52f60016940453da,302400.0,279314.47
6659c9f2fc3bc28f6e095d03,92700.0,85357.79
667d538247327b54300145a9,103000.0,103214.164
6645cc9c3fecb3483e0ed69c,326000.0,370098.94
666ac4c61963438fae0d5114,145000.0,130962.52
6645cc9d3fecb3483e0ed69f,385200.0,403594.38
6655c4bb52f6001694045355,149350.0,135294.03
6676aafad3db76ed060680c3,65000.0,98204.234
64e329501d1ff75d5b0db82f,620000.0,664297.5
64cd5a88c91c5fd8670e5b98,330000.0,239269.77
667d4eba7713ca64df047003,201800.0,253954.58
6606b37e811f0c078c095b42,49000.0,54139.53
6655bbf5ad0526de8e0433bb,85500.0,90335.24
6674211798372eb8a3013c46,500000.0,264013.25
667d48ee79c55ef55b05b7e4,195000.0,171292.31
662e2a3a2bae17117e05c914,82200.0,96938.58
662e292d72b024a2390dcb54,82400.0,75608.83
6606a8ff28924af0e80c9305,99500.0,118956.98
6606a8fd28924af0e80c9302,273000.0,350975.56
6606a8fc28924af0e80c92ff,140000.0,118722.445
6655b60bad0526de8e0432f2,326000.0,401632.88
662e2867f520eff46605a1e6,97440.0,104073.28
65b78b4d064319a282044b8c,131560.0,119736.414
6655b4b6ad0526de8e0432a9,99000.0,102890.625
662e26a8b66cd9abb808c933,103000.0,125779.61
65df1834b8b3c95b6c0d3a59,140080.0,142695.6
667d40368e36fe54690b9155,35000.0,47685.273
6655b21dad0526de8e043231,99000.0,102890.625
6655b056b3f630f1830976ad,116000.0,115217.19
662e21581583f0fd6307c9f3,82400.0,91284.95
65354d5460a5f1b6a2023735,142500.0,142695.39
65a258d744acdd43e5067968,73000.0,79615.41
65de010710be674a900d0a06,125000.0,148112.36
667d396ffa3d7e174e0f8316,99700.0,93710.01
66582d9d98edf1997f0cddf4,95000.0,101735.32
666b2b08f14c89f277014acf,75000.0,97953.68
6655a8e64ec50b0e2b096c4a,53050.0,48723.227
65b77f663e8616550f0e1924,60000.0,59874.348
667572079487af9a420249cd,295000.0,262727.78
662e191eeaa5a3a96d0c3853,105030.0,122594.8
6655a66bdbd2b61fd805c443,46200.0,71212.91
662e17a731d61b19c90015b3,92700.0,92514.64
667d3058b895c0ebc8098943,51500.0,51381.09
663b7590dc220a177e0e9077,77250.0,104070.7
663e34a7ceb4cdf6640fb9d3,82400.0,96170.94
66559ad11c92cc665c06d3e4,101000.0,87433.625
66559ad11c92cc665c06d3de,132000.0,120968.16
65defed63341996a90023aa0,399691.0,488981.22
65defed63341996a90023a9d,320898.0,490633.75
6655969c1c92cc665c06d331,49000.0,66126.64
665596971c92cc665c06d32e,194150.0,189311.95
663c9762a26ff504780ce618,105000.0,71971.24
6655930eb36968b6020a92dd,132900.0,119007.46
665592b916021e0c020c3594,340000.0,293440.53
662df7a69a2b717ab6075004,143380.0,213452.98
662df67eb60991da990d3a39,154500.0,152496.44
662df2f5a4eade7cb0031e83,103000.0,95632.125
